RNA_Name,Score,RMSD,Average_Model_Score,RNA_Sequence
ISX-AS13,-7158.67,199.44,-7030.95,GAAGAGAUAAUCUGAAACAACAGUAUAUGACUCAAACUCUCCUCUUCUCCUCCUCCCAUAAGCACAAUUCCCUGAAAGGCUUCUUCUAAGCCUGGUAUCCUGGGAGUGGCAGUGUUUUCAGCGUGGCAGACAGAGCAGUCAGGAAGCUGGGAGCCCAAACAGCGUGAGACAAAGCCACAAAACAGAGGCCGCGCAUCAGUCG
LINC002405,-7390.91,138.37,-7030.95,CGCCGAGAGCCAGCGAGGGGAUGCCAGCAAGCUGUCACCUCUCAGAAAUACAGGAAGAACAUCAAUAAUGUUCGAAGUUAUAAAUUGCGGAGGCCAGAAGUCAGAAAACAAGGUGUCUGCAGGACCAACCUCUCCUCUGGAUGCUCUAGUGCGUUUUAUCACAAGAACAUGACCUUUAAGCACAAGAACACCUUGUAUUCCAC
LINC0176248,-6975.26,181.37,-7030.95,GAAGUGUGUAAAUCAGAGCCUGGAACUUACUGUGUCUCUGUUUGAUUGAGCCUGGGCAUGAGAUAAAACACGAGGUCAUCUGCAAUGGCACUGGUGCUGUGGCUGUAUCAGCAUGGCUCUGAUGUCCCUUCGGGGCAGGCAACAGUUCAGGGAGGACUUACAAGCAAGCUCUGGUAAGUGGUAAGUGGGGCUGCACCCAGGAAG
LINC0230114,-6626.97,213.98,-7030.95,UCGGACGGGCCUGCGCACUGGGAGAAUGGGGUGGAGCCACGGAAGUUCGCGCCAUUUGCAGAGGGGAGGAGCCCAGCCUCUUGCGUUCCUGUGUGAUGGGGCCGGAGCCAGUAAACAGGCUUCCUUCUCGCUCUGCUGGUAUAAGAAGAAGAAGUAGGAGAAACAAAAUAAGGAGGAGAAGAAGUAAAAUAAUUUGAGAAGGAAU
LINC0242222,-6766.81,211.61,-7030.95,UGGGCAACUGUAAUCCCAGCUACUAAAAACACAAAAAAUUAGCCGGGCGUGGUGGCGGGAGGCAGAGGUUGCAGUGAGCCGAGAUCACGCCACCAUUACACUACAGCCUGGGCAGCAGGGGGAGACUCUGUCUCAAAAAAAAAAAAAAAAAAGAAUGGCAACAGAAAACACCUGAAAAAAGGCCUCAAUCUGAACCAUGUCAGGAGG
LINC0258321,-7081.39,217.88,-7030.95,CGGCAGGGAGGCCCCUAGGGUGUGGCAGGGCGGGUCUACGGAGGCCUCUUUAGGCCACAGAGCAACGUAAAGCCUAGGCCUGCAGAGACUGCUCAGUCACAGUUGAAGGAGACCUACUGAGUCCUGAGGACAACCAACAAAGGCCUUAACGGCACAGAAGCAUCUACAUGGUAUUCAUAAGGAUGCAGCACUAAUUGUUUAA
MAFTRR20,-6823.61,186.86,-6759.94,GUUUACUCAUGGUUAAACCCAGAAUACAGUUAGUGUUAAAGUAGAAAUGAAGCUGCAUUCCAGGCAGGAGAAUCACUUGAACCUGGGAGGCAGAGAUUGUAGUGAGCCAAGAUCAUGCCACUGCAGUCCAGCCAUGGUAAAAGAACAAGUCUCUGUCUUAAAAAAAAAAAAAAAAAAGGAAAAGAAAUCACUAGAAAUUAAGC
lnc-ABCC2-31,-7334.42,162.91,-6759.94,ACUGCACAUACCACAUGCACACACAGACAGGCCCUCGGCUGAAUCCCUUUGCCUCUGGAGACCCGAUCACGUCAUGCACAGCCAUCACAUCGAGCUGUGACCUUCCCUCCUUCCUCAUGUAAAACUCGCGGUGGCGGGUGCCUGUAAUCCCAGCUACUCGGGAAGCUGAGGCAGGAGAAUCGCUUGAAUCUGGGGAGACGGA
lnc-AIPL1-31,-6702.01,218.51,-6759.94,AUGGCGGCGGAUCUGUCGGGCCUGGCUGUCCGGCUCUAGGGCUCGGCCGCCGCCCGCCCCCGUGGGGUCUUCUGCAAGGGGCUGACUCGCAAGCUGCUGUCUUCUUCGAUCUGGCCUGGCGGCUGCGCAUCAACUUCCCCUACCUCUACAUGGUGGCUUCCAUGAUGCUCAACGUCCGCCUGCAGGUUCAUAUUGAGAUCCA
lnc-ALDH1B1-71,-6844.97,218.46,-6759.94,CCCGGAGACCCUAGCGUCCCUGGCUCGAAACCAGGGUGAGCUUCGGGCCCGCUAGUGGUACCUCAAGGCGGGCAGAAAGCCCAUGAGGGGAAGGUGAGGCACCUGGGGCAGAGAAAAAAAACAACAAAAAACCUCGCCGCGGUGAGGUUUGAGGGAGGAGCGGUGAGGCACCUGUGGCAGAAAAAAAAAACGCCCCACGGAG
lnc-ANKRD20A2-101,-6968.02,221.84,-6759.94,GCGCUGCGCGGGGAGGCUAUGGGAGAGAAGAAGGAGGGCGGGGGCGGGGGUGAUGGGGUGGCGCAGGGGCCGCGGCCAGCCGGACGCUGCAGCAGUGCGGGCAGCUACAGAAGCUCAUCGGCAUCUCCAUCGGCAGCCUGCACGGGCUGCGCACCAAGUGCGCUGUGUCCAACGGCCUCACCCAGCAGGAGAUACGGACCCUGGAGG
lnc-ANKRD30BL-81,-6904.1,158.19,-6759.94,AACCAAGAAUUUCAUAUACAGCUAAACUAAGCUUUCUAAAUGAAGGAGAAAUGAGAUCAUUUACAGACAAGCAAAUUCUGAGGUGAUGGCAUCAGCUGAGAAGGGAAGGAAGCCCAUGAGAGGACACUGAAGAAGGAGUGAGCAGACAAUAAGAAGCCCACAGAAGACAGAGAAGGAACAACUAGAGGGAGAAGCCAAGGCAG
lnc-ANKRD36B-36,-6843.91,226.26,-6866.12,GGAACCUAGACAUCCCCCCUUGCCUGGACUCUGAGCUGACCGAAUUCCCCCUGCGCAUGCGGGACUGGCUCAAGAACGUCCUGGUCACCCUGUAUGAGAGGGAUGAGGACAACAACCUUCUGACUGAGAAGCAGAAGCUGCGGUGAAGAAGAUCCAUGAGAAUGAGAAGCGCCUGGAGGCAGGAGACCACCCCGUGGAGCUGCUGGC
lnc-ATOX1-31,-7145.96,161.32,-6866.12,AGCUGGACGUGUGCGUGGAGGAGGCCGAGGGCGAGGCGCCGUGGACGUGGACCGGCCUCUGCAUCUUCGCCGCACUCUUCCUGCUCAGCGUGAGCUACAGCGCCGCCAUCACGCUCCUCAUGGUGCAGCGGUUCCUCUCAGCCACGCGGCAGGGGAGGCCCCAGACCUCCCUCGACUACACCAACGUCCUCCAGCCCCACGCCUAG
lnc-BRF1-191,-7236.94,220.54,-6866.12,AUGGGCUGGACCUGCAAGAUCCUCUUCUUGGUGGCAGCAGCCACAGGUGCCCACUCCCAGGUGCAGCUGGUGCAAUCUGGGGCUGAGGUGAAGAAGCCUGGGGCCUCAGUGAAGGUCUCCUGCAAGGCUUCUGGAUACACCUUCACCUACUGCUACUUGCACUGGGUAUGACAGGCCCCUGGACAAGGGCUUGAAUGGACAGGAU
lnc-BRF1-62,-6832.7,144.68,-6866.12,UCAUACCAGAGCCAACAGCACCUCCACAGAGAGAAAGCUGCCGGAGCCGGAGAGCCGGGGCGUGGUCAUCGUGGCUGUGAUUGUGUGCAUCCUGGUCCUGGCGGUGCUGGGCGCUGUCCUCUAUUUCCUCUAUAAGAAGGGCAAGCUGCCGUGCAGGCGCUCAGGGAAGCAGGAGAUGGAGAGAAAUACAUCGAUCUGAGGCAUUA
lnc-C1QTNF5-61,-6801.29,207.93,-6866.12,CCUCUUUUUCCGGCUGGAACCAUGGAGGGUGUAGAGAGAAGAAGAAGGAGGUUCCUGCUGUGCCAGAAACCCUUAAGAAAAAGCGAAGGAAUUUCGCAGAGCUGAAGAUCAAGCGCCUGAGAAAGAAGUUUGCCCAAAAGAUCUUCGAAAGGCAAGGAGGAAGCUUAUCUAUGAAAAAGCAAAGCACUAUCACAAGGAAUAU
lnc-C8orf89-41,-6949.99,204.67,-6866.12,CGGGAGACCCGAGGCCGCCCAGAGCCCUCCCCGGGAGACCCGAGGCCGCCCAGGGCCCUCCCCGGGAGACCCGAGGCCGCCCAGGGCCCUUCCCGGGGAGACCCGAGGCCGCCCAGGGCCCUCCCGGGAGACCCGAGGCCGCCCAGGGCCCUCCCGGGAGACCCGAGGCCGUCCAGAAUCUUGGAUUCCAAAGAUCCGCUAA
lnc-CAPN15-41,-6443.58,207.57,-7522.74,GAUUGGCAGGACAAAGAGAAGUAUAAGGAGUGAGAUUGUGACCUGAGGAUGUUCGAAAACGGCUCAUCCCUCCCUGGGAAGGAAGUACAAGUGCUGAAUGUGGAGAGGCAAAUAAAAUGGACACACAAGCCUUGACCUCUUGGAGUGAUUAUGAUCAAGAUUAUGAUCAUUGUGACACACAUUAAUCCAGGAAGCAAACAAGUAA
lnc-CCDC85A-22,-7291.93,158.76,-7522.74,UCUUAAAUUGGCGGGGCGAGCAAAGGUCGUGGAGAAGACCCCGGGAAGCUGCUGGAGCCGGCAGAGGAGGAAUCCCAGGUUUUGCGCGGAACUGGCCACUGUAAGUGGUUCAAUGUGCGCAUGGGAUUUGGAUUCAUCUCCAUGAUAAACCGAGAGGGAAGCGCCUUGGAUAUUCCAGUCGAUGUAUUUGUACACCAAUUCCUGUGA
lnc-CCNG1-21,-7443.66,217.4,-7522.74,UGUAUACAUCCAACCAACUAGUUAACCAGUUGGGCCUCAGUUCAGCAACUGAUAGGCGCAGCUGUAGCCGCUGAUGAAGGGAGGAGUGAGUUGUGAUAGAAGCCAGAUUCUCCUUCCUGGAGGAGGCGCAAGAAAUGCCAUCAGCUCCUUCGGACACUGCCGGCACUGUUUACCUAACUCCCACAACUCAGCAGGGGUAUAA
lnc-CD55-51,-7273.1,209.88,-7522.74,AAAAAAGAAAAGAAAAAAGAAAGCGAGAAAGGAAAUCAAGUGAAAUGACAAACUACUUACUGGGAGAAAGUUUUUGUAACCUCAGUGACAGAUAAAAGCGUUUCUCACCUCUGGAGGACUCAGCAUUCAAGGUGCCAUCUUGGAAGCAGAGAGCAGCCCUCACUAGACUACAAACCUGCUGGCGCUUUGAUCUUGGACUUCCC
lnc-CHRNB4-14,-7211.43,232.24,-7522.74,GCUAAAUAAAGCCAUCAGCACAGCCUUUUUACCUGGGUAUGCACUUUCUCAGACAAAUAGCAGGAAGCUCGUGCAUGCAAAAGACAAGCCAGGACCAGAAAUUAGCAUUUUCUAUUGAUUGCUGCCAACUGAGUUCAAAUAGAGGGAAUGGCCCCAGCCAAGAUGAAGAAAGACUUCAAAAAGCCAAUUUAUAGAGGCUUA
lnc-CLMP-51,-7891.2,172.58,-7522.74,GUGAGGAAACCCGACGCAGAGUCCGGAGAAGGCAGCAUGGAAUCCCUCCCUCAGGCCUCUCUGGACGGUGUUGGUGGGGGAUCAAGAUGAACACACUGCAGACGAGGACACGAGCCCCACAGGAGCUCUUUGUCCCGCAGGAGACCAGCGGACCCACGUCAGAGAAGAUGCUUGUAUCUUUUCAUGGCUCUUCUCUGAGAAAUGA
lnc-CNTNAP3B-223,-7020.4,217.43,-7075.3,UCAGGAGUUCGAGACCAGCCUGACCAACAUGGUGAAACCCCAUCUCUACUAAAAAUUCAAAACUUAGCCGGGUGUGGUGGCAUGCACCUGUAAUCCCAGCUACUCAGGAGGCUGAGGCAGGAAAAUCGCUUGAAUCCGGGAGAUGGAGGCUGCAGUGAGCUGAGAUCAUGCCACUGCACUCCAGCCUGGGUGACAGAGAGA
lnc-CTNNA1-31,-6981.03,148.73,-7075.3,GGGGAUGCUGCGGCCAAGGCCUCCGAGGAGACUCAUGUAAUGGAUUACCGGGCCUUGGUGCAUGAGCGAGAUGAGGCAGCCUAUGGGGAGCUCAGGGCCAUGGUGCUGGACCUGAGGGCCUUCUAUGCUGAGCUUUAUCAUAUCAUCAACAGCAACCUGGAGAAAAUUGUCAACCCAAAGGGUGAAAAGAAGCCAUCUAUGUACUGA
lnc-CYSLTR2-11,-6748.29,151.74,-7075.3,GAUAGUGAUGAUGGUGAUGAUGAUGGUGGUGGUGGUGAUGGUAGUGGUGAUGGUGAUUGUGAUGGUGGUGAUGGUGAUUGUGAUGGUGGUGGUGAUGGUGGUGAUGGUGGUGAUGGUGAUGUGAUGAUGGUGAUGGUGAUGACGAUGGUGGUGAUGGUGAUGGUGACGGUAGUGGUGAUAGUGAUGAUGGUGGUAAUGGUGA
lnc-DICER1-41,-7465.38,150.7,-7075.3,AUCUCAAUAAAAAUGUCAGUAGAAGGCCGAGUGCUGUGGCUCACACCUGUAAUCCCAGCACUUUGGGAGGCCGAGGAGGGCAGACCACUCAAGAGUUCGAGACCAGCCUGGCCAGCCUGGCAAAAUCCUGUCUCUACUAAAAAUACAAAAAAAAGUUAGCUGAACUUUAAAUAGAAAACCAUCCAUGAAGGCUUCACCAGAG
lnc-DSEL-81,-6748.7,225.78,-7075.3,GAUCACCAUUCCCGUGCAGACCUUCUCCAACCUGCAGAUUCGAGGUCAGUACAGCAGGGCCUCGUGGGAAGGGCACUGGAGUCCUGCCCCCUCCUCCAGGGCCUGUAGGUUGCUCCAGACUGGGACUGAGGAUCAGGGCAAAGGGAUCCAGCUCUCCCUGGGGGCCUUCGUGACACUGCAGCGCUCCUAGCCAGAGCCUAUCAUAC
lnc-EFTUD2-12,-7209.42,211.95,-7075.3,AGCCAGACGGCGCGCGGCGGGCGUAGGACUUUGGGCUUUCGCCUCGUCCUGCGCUUGACCCCAGAUGCGUUUCCAGAAGCGGGGCACCUGGGGACGCAGGAGUCUGGGAUCCCCGUCCCCCGAAAACGGACUUGGCUCCGAGAAAUCCUCCGCUUCGUGGGCUUCGCCCUCUGCAACUACCUUGCGCCUCCCUUGGCCUAG
lnc-EIF2AK1-11,-6692.91,161.23,-6932.6,UUCAGAAAGUGUCGCAAUAAGAUGCACACAUUGAGCCUCUGCUGUGGCUCUAGACCUACUACCUCAAAAGUUGACCUGUGGCAAAUGUGGCUACUCGGCCAAGCACAAGAGAAAGUAUAAUUGGAGCUCCAGGGAUAAAAGACAAAAAAAAAAAAAAAACACUAGGACCAGUUCAAUUAUGCACCUAAAAAUUGUAUACAGG
lnc-FAM45A-31,-7169.87,211.47,-6932.6,AACAUUGGCAACAAGCCCUCCAACAAGCCGGUCCCUGAGAGGAGCAUGUGGACAGUGCCUGUGUGGGCCAAUGGACCCUCUGUGGAGCUGGCCCCCUCAUCCGCUCCAGAUUGUGGCCUGGCCACUGUGCCUCUUUUCUUGGCUGUGAUGGGGCUUGGGGUACUUGUUCCCCUCCUGCCUGACCAUUAGGUGCCAGCUGGC
lnc-FBXO45-71,-6946.1,203.17,-6932.6,GUGAGGAAACCCGACGCAGAGUCCGGAGAAGGCAGCAUGGAAUCCCUCCCUCAGGCCUCUCUGGACGGUGUUGGUGGGGGAUCAAGAUGAACACACUGCAGACGAGGACACGAGCCCCACAGGAGCUCUUUGUCCCGCCGGAGACCAGCGGACCCACGUCAGAGAAGAUGCUUGUAUCUUUUCACGGCUCUUCUCUGAGAAAUGA
lnc-FOXD4L5-411,-7020.4,217.2,-6932.6,CUCGCCAAGUUCAGAUUCAGAAUCUCAUUGGAGAAGGAGUGGUGUGGUCCACUGGGUGAUGGAGAGGUUCAUUGUGUUACCCUGGGCCAGAUCUGGCCCAUAGCAGCAGGACAGAGGCUGGUGGCGUGAGAUUCCAGGUCAGCAUUAGCUCACUGGUGGCUUCCCUCUGGGUGCCAGUGGGCCCAGGUUGGUGGGCAGGGCAU
lnc-FZD1-51,-7429.71,252.38,-6932.6,AAAGGACUGGCCAAUGUCAACAUCAGGAGCUUCAUCUGCAAUGUAGGGGCUGGUGGACCUGCUCCAACAGUUGGUGCUGCACCUGCAGAAGGUCCUGCCCCCACCACCACUGCUGCCCCAGCUGAGGAAAAGAAAGUGGAAACAAAGAAAGAAGAACCUGAGGAGUAUGAUGAUGACAUGGACUUUGGUCUUUUUGACUAA
lnc-GEMIN2-41,-6981.28,215.41,-6932.6,AGCGCCUCGGGGCCAGUGUGGCCCGGAAUGGCAGAUGCAAAUCCAGGAAGGCCAUUCACGACGUUGUCACAGAAGAAGUGGAGGUCAGUACCACUGCCAUCAUGACUGCAAGCAGAGCAAAUGGACAGAGCUCGCAGAGUGGCCCCAGAGCCUGCCUGGGCCCCCUUCUCACUGCUCCUCCACUCCCUGGUCUGCUGAGAGC
lnc-GLRX3-33,-7137.66,218.72,-6528.44,AGUAUAAUGAUUGAAGAAUGUGGAGGUUUAGACAAAAUUGAAGCCCUACAAAACCUUGAAAAUGAGUCUGUGUAUAAGGCUCAUUAAGCUUAAUUGAGAAGUAUUUCUUGUAGAGGAAGAGGAAGAUCAAAAUGUUGUGCCAGAAACUACCUCUGAAGGCUGCACCUUCCAAGUGCAGGGUGGGACUCCUGGGACCCUUAAC
lnc-GOT2-31,-7608.45,159.03,-6528.44,CCAAGGACAUGAAUUUGAUUUUUUUUUUUUGUGGGUCAGAAUAUUCCGGGUGUUAAACACUUAAUCACAACUAAUUAUUUUGCAAUUGGAAGGAUGGAAGAGGUACAAAGAAAAUCAAGAAAGAAAGGUAGAAGAGAGAGAAAGAGGAAGAGAAGGAGGAAAGAUAAAAAGAGAAAGAGAGAAGAUAGGGAGGGAGACAGGGA
lnc-GRIK2-41,-7079.43,200.92,-6528.44,UGUGGGGUGUGUGGAGACCGAGCCACUGGCUUUCACUUCAAUGCUAUGACCUGUGAAGGCUGCAAAGGCUUCUUCAGCGAAGCAUGAAGCGGAAGGCACUAUUCACCUGCCCCUUCAACGGGGACUGCCGCAUCACCAAGGACAACCGACGCCACUGCCAGGCCUGCCGGCUCAAACGCUGUGUGGACAUCGGCAUGAUGA
lnc-HDAC7-21,-7698.16,165.86,-6528.44,CAUCUUUCUCAAGAGAGUGUGUGUAUGUGUGUGCAUUUCACUCCAGCCUGGGUGACAAGAGCGAAACUCCACCUCAAAAAAAAAAAAAAGCUACAAAUUGGACUCACCAGCUGCUACUGGAAUUGACUGGACCUGCUAGGGUGAAGGAGUGUGGCUGCAGAGACAUUGACAAGAACAGAAAGCCAAGAGAAAUAACGAAUCC
lnc-IGF1R-61,-6908.64,275.93,-6528.44,UGUGGAGCGAGGCCUUGUUCCCGCGUUGAGCCGCCGCCGCCGCCGCCGCCUCCUCAGCUUCAGCCUCCGCGCCAGGCCCGGCCCCGCCGCGCCAUGUCGGACUACAGCACGGGAGGACCCCCGCCCGGGCCGCCGCCGCCCGCCGGCGGGGGCGGGGGAGCCGGAGGCGCCGGGGGAGGCCCUCCGCCGGGCCCGCCAGGCGCGGG
lnc-KHSRP-12,-6542.92,205.69,-6528.44,AAGAUUAUAUUUUCAGGGAUCAUUUCUAUAGUUUGUCACUAGGGAAGUUCCUCUGAAUGUGUAGAGCACCAGAAACAUGAGGAAGAGGCACAGGGUUCUCUCCUGAGUGUGAAGCUGGCUCUUGGCGCUGCUUUCCUGCAACUGCUAUUUGCCAUUCGUGAUUGUGGAGAGUCAGAGGGAGAGGAUGAUGCAGUCUGAGUGG
lnc-KIF16B-91,-6827.21,224.96,-7040.06,CCAAGGUGACAGGAAACUCAGAAGAGGACAGCAGCUCGUGGACAACCACCUUGAGAGUGUCACCAUUGCUGUUUUACAGUGUCACACACAGCAGUCUCACACGACCAGAGAAAGCUUUCCAGUGUGUAAGUGAUUGUCCUGGGAGAAAGCAGAAGUUGAAAGAAACACACCUUUUAUAAAUUGCUCCAGCCAAAAUAACAGCG
lnc-KLF6-31,-7040.81,179.1,-7040.06,CAGAAUGAUGGCAACACCCCAUAUGGGGGGCCCUCCCAUGAUGCCAAUGAUGGGCCCUCCUCCUCCUGGGAUGAUGCCAGUGGGACCUACUCCUGGAAUGAGGCCGCCCAUGGGAGGCCACAUGCCCAUGAUGCCUGGGUGCCCAAUGAUGAGACCUCCUGCCCAUCUCAUGAUGGUGCCCAGUCAGCCCAGAAUGACUCUACCA
lnc-KRTAP5-11-41,-6791.77,215.56,-7040.06,CAGAGCACACAGCCUCAAGAAAUACGAGAAAGGCGGCAGGGGCAGAGUGGACACAACCUGAAAACCAACUGGACUGAGCAUCCUUCUCCUAAAAUCUCAGCCAGAAGCCACGAUGGAGGGUCCUGGGAAGGGAAGAGAUGUGAAGAUUUCUGUGAUUCUAAAACCUUGGGUCUGCCUGCAAACUUCUCUCUGAUCCCAGCCGAGA
lnc-LBR-13,-6770.43,192.86,-7040.06,AGUACCGAGGCAUGGUCGCGGCGCCCGGGCUGCGCUGAAGGCGUCUGCGAGCGGAUGGGGGACCCCAAGGCCCACGUGAUGGCGCGCCCCCUGCGAGCCCCUCUCCGGAGGUCCUUUAGCGAUCACAUCAGGGACUCCACGGCCAGAGCCCUGGAUGUCAUUUGGAAAAACACUAGAGACAGACGGCUGGCAGGUGAGAGGCAG
lnc-LONRF1-91,-6704.13,150.4,-7040.06,AAAGAGAAAUCGUAUGAAUGUGAAGAAUGUGGGAAAGAGUUUAGGCAUAUCUCAUCCCUUAUUGCACAUCAGAGAAUGCACACUGGAGAAAAACCAUAUGAAUGCCACCAGUGUGGUAAAGCCUUCAGCCAGCGUGCACACCUUACUAUACAUCAGAGAAUUCAUACUGGAGAGAAACCCUAUAAGUGUGAUGACUGUGGGAA
lnc-LRRC75A-51,-7308.82,207.5,-7040.06,GCAGGACGGGAGGUGGGUGUGAGGCACAGGUAACCUUGACCUUGAGGAAGGGGCAGUGGUGGCCGUGAACCUGCGAAUCCACGGAGAAGAAUCAGGACCUCCCUCUGCCAUGGGCAGGGGUACUGAUUGGCUUCAAAAACUCCUGGACAGCAGAUCGUGAGCGAUGGUUUUGGGUGCAGUCCCUCCCUCAGAACACCCUCCUCGAC
lnc-MAD1L1-51,-6929.75,210.48,-6879.76,CUUGCAUGGGUCUUACGCUCCUUCUAAGCCUUCAUCUUUGAUGAUGCAUGAUCUGCAGGAGAAACUGGGACCUUUCAUCACAAAGCUAAACAAGCACAUGACUCAGUUGCUGGAGAGGCUGAAGGAAGAUUCAGCAGGAGCUAGAGUGGCUACAGGCCUGGCUGCCACACUGUGCCAUCAAGCUUGGCUUAGAAAAUCCAGC
lnc-MARK1-21,-6619.83,251.26,-6879.76,CCACCCAUCCCCUGACACCCACAGGAACCCCCCAGCCUGAGCUAGAGUGGGCCACACCACAUCCUGUAGGCCCCAAACAGUGCUGAGUCUGGGAGCACCUCAGCUCCGAGGGCUCCUUCCUGGUCAGAGGGCAAGGACCUUUCCCAGCCAAGACCACUGCACUGAGUCCUGUGUGUGCGUGUGUGUGUGCACGUGUGUGUG
lnc-MDFI-21,-6984.74,214.95,-6879.76,UAGCAGAGCACAGUUGUACGUGCCUAUAGUUCCAGCUACUCGGGAGGCUGAGGAGGAAGGAACAAGGAAGGGAUGGCAGCAGGGAAAGGGUUGAAAGCAGGGCAAGUUAGAGAAAGGUGUACAUCUUCUAUCACAGGGUAGGUGCACAGUAAGUAUUUGUUGAAUGAAUAAGUGAAGAUUGUAGUGGAUGCUGUAGUGUGCCAC
lnc-MED13L-71,-7270.54,209.61,-6879.76,AGGGGAAAGAACCUGUGUAAUCACCUGAAGACAAACGGUCUUAACUUUCCAGAAGAUGACAGCUUUACAAAUGGAAAUGAUAAAUUAAGAGCGUCUGAGAGUCCAUCAAGGAAAGCAAAAACAAGGCAGGGGACGUGGAGGACAUCGAAACAAGCCAACGAAGUCCACAUCUGGUUUUCCCGCAAAAUCACCCCUAAGUGA
lnc-MKI67-61,-7230.38,210.85,-6879.76,GCCCAGAUGUGGAGUGCCUGAUGUGGCUCAGUUUGUCCUCACUGAGGGGAACCCUCGCUGGGAGCAAACACAUCUGACCUACAGAUUGAAAAUUACACGCCAGAUUUGCCAAGAGCAGAUGUGGACCAUGCCAUUGAGAAAGCCUUCCAACUCUGGAGUAAUGUCACACCUCUGACAUUCACCAAGGUCUCUGAGGGUCAAG
lnc-MMP10-21,-6973.0,214.09,-6879.76,CAGAAAAGGAGACCCAAGCAGCAGCACCCAGGGCAGAGCCUCCGUUCCUACUUCAUGGAUGUGAAAUACCCAGGAUGCUACAAAAUCACCAUGGUCUUCAGUCACAAACGUGUGUUGGCCGCGCCACCAUCCUCUCUCUGCCAGCGCACAGGAGGAAAAGCAAGACCCACAGAAGGACGUUCCUGUAGGAGGAAGCAGCAC
lnc-MTURN-22,-6950.49,169.39,-6588.49,GAUUACAGGCGUGAGAGCCACGGCACCCGACCGUGGCGCCAUUUUGAACAAGCUUGGGAGGGGUUUGAAAAUGCCUUUCUUGAACCUGUCCUUGCAGAGGGUGUUGCCACUGACAUUGCAGCAACAGGAGAUGGAGACCAUCCUGGCUAACACGGUGAAACCCCAUCUCUACUAAAAAUACGAAAAACAAAAUUAGCUACUC
lnc-MTX3-31,-7355.74,207.72,-6588.49,GGUUGAACCAAACCCAUUCUAGUGAAAGGUUCUGUUGCGGGCUUUGAGUCUUCAGACAGGUGUCUGUUAAGAACUACUGAUGGGAAAAAGAAGGUUAGCAUUGUGGUGAGCUCCAAAGAAGUGAAUAAGUUCCGGAUGGCUUAUUCAAACCUACUGAGAACUAACAUGGAUGGGCUGAAGAAGAGGGACAAAAAGAACACAAG
lnc-MYOC-61,-7114.51,198.64,-6588.49,CAGUGACGUAGAUGAUCCUGACCCUGGGGAGAAUGCCAGGUGAGCAAGUUGUCACCGUAGGAAUCAGAAUGGACGUUAUCAUCCGUAGUGAGAAUGGCAAAUGGAUAAUCAACAUCAGCCCAAUUGCCAGACUAAAACAUCAUUAUGACAGACUUCAUUUGCAAGAAUUCUUAAAACGGAGAAGCUGAAGAAUAAAGUGGCCA
lnc-NENF-42,-7372.97,157.09,-6588.49,CUCCCAGACUGGUUCUUUAACAUAGAGAAGCAUGCAAAGGAUAGGAAAUAUAGCCAGGUCCUAGACAAUGGUCUGGACAACAAGUUCCACGAGGACCUGGAGCAACUAAAGGAGAUUCAGGCCCACAGAGGGCUGUGCCACUUCUGGGGCCUUUGUGUCCAGAGCCAGCACGCCAAGACCACUGGCAGCUGGGGCAAUACUGUG
lnc-NIFK-71,-6951.36,181.76,-6588.49,CCUUACACACCUUUUCACAGACCCCGCCGUCGGGGCGCGGCCAGGUCAGAUCCCUUUUGAUCCGGGCCUGGGCUGAGUGCUCCCCCCGGGCUUCAGGUGACGCGGCCCCGCGGAGCGUGGGGUCGCCCGAGUUGGGCUGGGGAAGCCAGGGACGGAGGUGUCCGGCCGUCACCCCUAGAGGAGGGCGUGCGGGGGUCUGUUUUGC
lnc-NRSN2-12,-6617.37,170.61,-6588.49,CUCCUGGCUGCAUCUGCACCCGCCCGUACCCGCACCGGGCCUCACUGGCCCCUUCUCAGACCGGCACAGCCAGAAACGGGAAUCCAAGUCCAGGGUUUACCUCUGGGGCCCUGGGGACCACGUGGCUGCCUAGGAAACGCAGCCCAACAGCAGGCUAGCUCCGAGGCAGAAGCCUUUUCUCCAGGAAGGGCCGGCGAGGAGCCCG
lnc-PCID2-11,-6954.83,210.84,-6821.51,UUGGGGAUUUUCAGUACCUGUCAGUGAAUGGGCCUCAUCAAGCUGUGAGCCAAAUCCAGGAGCUCUGUUUGCAAUGGCUGCAGCCAGAGAUCCUCACCAAGGAGCAGAUGAUAGAGCAACUAGUGCUGACACAGUUUCUGAGCACCCUGCCAGAGGAGAUUCAGACAUGGGUGAGGUCAAAACAGCCCAAGAACAGCAAAGA
lnc-PEG3-11,-7522.12,146.21,-6821.51,CCUGUCUCAAGGCCACACCUUCCACCUGCAGUGGAGUCUUCCACACCCAGCGCUUCGACCUUUACCAGCAGGCCUCCCCACCAGAUGCCCUGCACUGGAUACCUAAGCCUUGGGAAUGGACACGGCCGCCACCUCGAAAAGGGCCCUCCCAAAAGGCAGAGGAGCCUGGGUCCCAAGGGGACAAGGAGCCUGGUUUGCCCCCACC
lnc-POM121-51,-6841.94,123.85,-6821.51,AUGAUGGUUCCAGCGCAGGACCCGCAGAAGCCGCGCUCUCAGCCGGAAUUGCCUCAGAUGUUCCAGGCAGAAGCCCAGGAGGCCUCCAGGAACCGCCAGACCGGCAGGAGGAACGUCGAGGUCCAAGGCACAAGUCAGAGGUUCCUGGUCUGCAGGGGCCCAAGGCCUGCGUCACUACGGAGGGCCCCCCGUCCCCAUUCCUAG
lnc-PPDPFL-81,-6739.62,164.43,-6821.51,GCCUGGGGUAGGGCCAGGAUAAGCGUCGUUGGGGCAGGUGCUGGGUAGAGUCCAGGUUGGCGGGUCCUGGGGCGGGGUCAGCAUAGGGCGAUCCUGGAAGCUGGUCUUCGGAAGCGUCCAGGCCAGAGUGCAGUUGACGCAGGGCAGGGGAGCCCCGAAGUGGAGCAUAGUGUGUCCGGAACUGGUGGGUUCUUGGUCUCCCUG
lnc-PRAG1-31,-6923.67,167.2,-6821.51,AGUCGCCAUUCCCCAUUUUACAGCUGGGGAAACUGAGUUACAGAGCUUUUCUGCACUGAGUCAUCAGGAGCAAAUGCUAGAUCAGAUAGAGUCUCUCUCUCUGCCACCCAGGCCAGAGUGCAGUUGACGCAGGGCAGGGGAGCCCCGAAGUGGAGCAUAGUGUGUCCGGAACUGGUGGGUUCUUGGUCUCCCUGACUUCAAGAA
lnc-PRAG1-39,-6926.58,203.58,-6821.51,ACCUGGCUGGAAGGGAUGGAACACACGCUCACCUGCGUCCCAAAGGGAAACCCAGCUCCAGCCUUGGUGUGUACCUGGAAUGGGGUGGUCUUUGACCUUGAAGUGCCACAGAAGGCAACCCAGAACCACACUGGAACCUACCGCUGCACAGCCACUAACCAGCUGGGCUCUGUCAGCAAAGACAUUGCUGUCAUUGUUCAA
lnc-PSMC5-81,-6746.71,174.85,-6792.12,AUGACUCCAAGUGCAAAGGAGUGUGCACCACUCGAGGUCCUAGCAGCCAUCUACCGUGGCUGCUGGGCAGAGCCUGGAUCAAUCCCCACAGCCCUAGCAGAAUGCCGAGAACGUAAAGGGCAAGUGAAUACCUGGUCAAGAAUAAAUGGACAGUUACACACAGUACAGAUGUGGAGCAGUGUCCCAGUGUUUGAAGCCUCUGGCUGA
lnc-RAX-21,-7135.05,248.87,-6792.12,AUGGGCAACCUGCUCACACAUCUGCCUGGAGCUGCAGUUGUGAGUGCCCAGGUGCUCAGCACUGUGUGCCAGGGCCUUUGGGAAGAGAAUGUCAGUAGGAAGCCGGGGCCCGCAAGGGUCUGUAUAGCCCUGCUGCAUGGCCAGGUCUGCCCCUAUCAAGACAGCACAGAUGGCUGGGGCUGGAGUGGGGCUGUCCUCUAC
lnc-RFPL3-41,-6943.95,210.41,-6792.12,GUACACUGCAGUUGUCUCCGAGGUGAACCUCCGGAGCCUUGGCACAGCUCGCUUCUAAAGCUUGGAAAUGACCCGCCACACCUGAAGCCUGCAGGUGCUGAGGCCACAUUCGAUCAGACCCAAGCUUUGGGAGACCGCUGGGGAAAUUUCCCACUUCCUCUCCUGAGACCAGGAACUCAGCAGAGAAACUUUGUGGUAAGU
lnc-RIMBP2-11,-7036.33,143.05,-6792.12,CCGGGAGGCAGAGGUUGCAGUGAGCCGAGAUCGCGCAGCUGCACUCCAGCCUGGGCAACAGAGCAAGACUCCAUCUCAGAAAAGAAGCAGAAAGCCUCCAAGAGCCAAUGGCUCUCAAGCAUCUUGGUCUCUGCUAAGAAGAGGCUCAGAGGCUUAGAAGCCCUGCCUCGCCGGGGCUUUGAGGCAAGCUGCAGAUGCCCUUUAG
lnc-RNF224-11,-7260.71,166.67,-6792.12,UUUAAUGUGCAGACGAAGGGAACGUCAUCGUUUGGAAAGCGUCGCAAUAAGACGCACACGUUGUGCCGCCGCUGUGGCUCUAAGGCCUACCACCUUCAGAAGUCGACCUGUGGCAAAUGUGGCUACCCUGCCAAGCGCAAGAGAAAGAUAACUGGAGUGCCAAGGCUAAAAGACGAAAUACCACCGGAACUGGUCGAAUGAGGC
lnc-RPL37-13,-6899.23,155.17,-6792.12,UCCGACCCGGCGGCCAACACCAGUAAGCUACAAGGAGGAGCUUUCCCACUGCCUGUGCUACUACUACCGGCGCGACUUCCCAGCCUGCAGCGUAGGGCGCAGCAAGGGCCUGACGCUGAGCGAGCAGGCGCUGCACACCAAGCGGUUGUCGCCUGGCGGGCACAAACAGAAGGUCAGACAAGGGCAGCAUGUGUGAAGACUGCGG
lnc-SBDS-131,-7335.76,212.61,-7035.11,AACUUGGAGGCAGAGACCCAAGCAGCUGGAGGCUCUGUGUGUGGUCGCUGAUUUCUUGGAGCCUGAAAAGAAGGUAACUGGGCAUAUGAGGGACAGAUGGAGUGAGUCAGUGGAGCAGCGACUGGACCCAGAGCCAUGUGGCUGUGCCCUCUGGCCCUCACCCUCAUCUUGAUGGCAGCCUCUGGUGCUGCGUGCGAAGUGAAG
lnc-SFTPA2-31,-7072.23,210.94,-7035.11,GGGCCGAGUUCGAGGCGGCAAAGGAAUUGUCUGCCAGGCUUCUGGAGGCACCUGGGCCGUGUGGGUUCACAGCGGUCAUCCAGGGAAUGGAUGGACAUGCUCCUGCAGUGCUCGGCCAAGCUCAGCCCUUGUUCAGCACACCAGCCCUGUGAGCCACGCUGUCCCUGGAGCCUGGCUCGGAGGAUGCGAGGAGGAUUCUCCAGCAG
lnc-SGCG-53,-6848.31,214.81,-7035.11,GCGGCGGCAGCCCUGUCUGGCUUGGCGGUUCGGCUGUCGCGCUCGGCGGCGGCCCGAGGCUCAUACGGCGCCUUCUGCAAGGGGCUCACGCGCACGCUGCUCACCUUCUUCGACCUGGCCUGGCGGCUGCGCAUGAACUUCCCCUACUUCUACAUCGUGGCCUCGGUGAUGCUCAACGUCCGCCUGCAAGUGCGGAUCGAGUGA
lnc-SMIM10L2B-110,-7004.66,212.93,-7035.11,GGCCUAUCUAGGAAGACUGGGCCAACAUGCGAUCCCCUCUGCAAGGUGGAGGCCAUGCACCUGCCUCCUGCUCCUGAGCUCCGGUAUCCUCACUGUGACCCAGGCCCCACUGCAGCAAAGAGACACUGGGAAUUAGCCCUUCUGUCCCCUCCUUGCCAGAAGCAGGAGGCCACUGGAGGCUCCAAGGGCUCUGAAAUGUUGAG
lnc-SSTR4-24,-6622.3,242.77,-7035.11,CACAGCUGCAGCACGGUCACCAUAAACAAGCAUUUCCCCAGCUGGGCCAUGGCCCGUGGAAACCCUGCUUCUCCCUCCAGGUUCCUGUGGACUCCAGCUUCUGGGAAGGAGGCCAUGGUUUCUGAGAGUGGGGCUUGCAUGUGGCAAAGAAUAAGGAUGGCAAGAAGGGCGGAAGCACCCCUGAGCACUGCAGCUGCUACUUCCAG
lnc-STK32B-11,-7190.98,181.21,-7035.11,GAAAGUGAUGAAUCAGAGGCUGAAGUGAAGUUACAAAGUUAUACUCCUAUGCAAAGGAAGACUUGGCCUGUGACCAGCCUGAUUGACUGCAGGAGGGGACCAGUCAGAGCAAGAAGGCAGCCAUCUGUAGGGCAGGAAGAGAGCCCUCACCAGAACUUGACCAUGCUGGCACCCUGAUCUCAGACUUCUAGCCUCCAGAACUGUA
lnc-STMP1-21,-7252.12,167.64,-6851.79,CCAGAAUUUGGAAGCUUAUCAGACACAGGGGCCAGGAACAGAAGCCUCCCACAAGCCCAGAAGGACAUACUUAAUGCACAGCACUGAUUGCUACAGGGACCAAGAUGGGGACUUACAGGUGUGGGAAAACUGUAUGCAAAAACAAAACCCAAAAAGGACCUGAAUUUCUGCCCCUGUUAUAGUGUGAUGUAGCAGACAGACCUG
lnc-SYK-11,-7000.53,224.03,-6851.79,AUGAUGGCAGCAGCCCAUAUGGGGGGCCCGCCCAUGAUGCCAAUGAUGGGCUCUCCUCCUCCUGGGAUGAUGCCAGUGGGACCUGCUCCUGGAAUGAGGCCGCCCAUGGGAGGCCACAUGCCCAUGAUGCCUGGGUGCCCAAUGAUGAGACCUCCUGCCCGUCUCAUGAUGGUGCCCAGUCAGCCCAGAAUGACUCAACCAGACAGA
lnc-TAC1-21,-6579.56,205.65,-6851.79,CGUGAAUGAAACAGACAAAGCCCCUGUCCUCCCAGAGCUCACCUGCCAGCAAGAGCCAGGGACAGGCAGCAAGUCAAUCCGUGGUGUAUCACAAGAGGAUGUAUGAUUGAGAACAAUGAAAGGGCAGGGGACAGUGAAAAGGCAGUGUGCGGGACUCUGUUGUAGGUGAGGGAUCUUCCUGGGGAAGGAGGUUCAAAAGUG
lnc-TBC1D3K-31,-7432.82,214.39,-6851.79,CCUCAGAAAAUUGAGGAAAUCAAGCACUUUCUGCUCACUGCCUGGCGAAAGGAUGCCAAAUCUGUCAAGAUCAAGAAAAAGAAGGCAAUGCGAAAUUUGAAGUUCAAUUUAGCAGAUACCUGUCCACCACGGUCAUAGGGAAAAAGAGAAGGCAGAGAAACUGAAGCAGUCCCUGCCCCCUAAUUUGGCAGUGAAGGAGCUGA
lnc-TEX37-21,-7181.56,215.37,-6851.79,AUGAGGAACAUUUUCAAGAGGAACCAAGAGCCUAUUGUGGCUCCUGCCACCACCACCGUCACGAUGCCCAUUGGACCCGUGGACAACUCCACCGAGAGUGGGAGUGCUGGGGAGAGCCAGGAGGACAUGUUUGCCAAACUGAAGGAGAAGUUCUUCAAUGAGAUUAACAAGAUUCCCUGUGAGUGUCCCUGGUGGCUGAGA
lnc-TJP1-51,-7056.31,208.57,-6851.79,GAUGUCUGGCUUAAACUGGAGCUGGAGCAGCAGGGCUCCAUCCACACCAAAGGCUGCAUGGGUCAGUUUGAGAAACGGCUGCUGGACAACCUGAUCGUCAUUACCUAGGUCUUUGUGAGUAUCACCUUCCUUCAGAUCUUUGGCAUCUUUCUGGCCUGGAACCUCCUGAGUGACAUCAAAGCAGUGAAAGGCAACUGGUGA
lnc-TMEM33-11,-6818.7,182.41,-6778.24,CAUGGCGGCGCUCUACGCCUGCACCAAGUGCCACCAGCGUUUCCCCUUCCAGGUGCUGUCUCAGGGGCAGCAGCUGUGCAAGGAAUGUCGGAUUGCACACCCUGUUGUGAAGUGCACCUACUGCAGGACUGAGUACCAGCAGGAGAGUAAAACCAAUACAAUAUGCAAGAAAUGUGCUCAGAACGUGCAGUUGUAUGGAACG
lnc-TOPBP1-41,-7512.39,215.62,-6778.24,AUUGGCUGGACCUGCAAGAUCCUCUUCUUGGUGGCAGCAGCCACAGGUGCCCACUUCCUGGUGCAGCUGGUGCAGUCUGGGGCUGAGGUGAAGAAGCCUGGGGCCUCAGUGUUCUCCUGCCAGGCUUCUGGAUACACCUUCACCUACUGCUACUUGCACUGGGUGCGAUGGGCCCCUGGACAAGGGCUUGAGUGGACAGGA
lnc-TP53TG3-351,-7226.77,213.88,-6778.24,AUUGGCUGGACCUGCAAGAUCCUCUUCUUGGUGGCAGCAGCCACAGGUGCCCACUUCCUGGUGCAGCUGGUGCAGUCUGGGGCUGAGGUGAAGAAGCCUGGGGCCUCAGUGAAGGUCUCCUGCCAGGCUUCUGGAUACACCUUCACCUACUGCUACUUGCACUGGGUGCGAUGGGCCCCUGGACAAGGGCUUGAGUGGACAGGAU
lnc-TP53TG3C-81,-7313.4,218.66,-6778.24,AGGUAUGUCAUUUAUGCUCCAAGCAGCCACAGCAAGUAUUCAGGGGAGUCAUUUCCAGGAGUUUCUAACGCUCUGUUUGAUAUUGAAAGGAAAGUGGACCCAUGCGAGGCUAAGGGAGAAGUGAAGAGAAAGCUUUGUUGCAACCUUCACUGUGCAGGCAGCUUCAGAGGCUUUGAAACAAGAAGCCUAAGAGGAUUCCUUAG
lnc-TRIM64-22,-7375.51,212.44,-6778.24,CACAAUGUAGGGGCGGAACAGGAGGAAGCAGCUGGCUGGCAGGAAGUGGGUGCUGGGCCCCUGAAAGGACCCGAGCCAGCUGAUCGACAUCACUGAAAGUGCAGCCAAGGAUGGCUAUUUAGACAUAGCCCAGCCUGUUGUUGGCCUCACAGAGCCUUCCUCUUGCUCACACAUUUCUAAACUGUUCUACCCCAAACCCCGGAAA
lnc-TSTD1-21,-6884.15,193.06,-6778.24,AAAAUAUUUAUUUUUUUUCCUAAAAGAUCACACAAAAGUUGGGAAGAGAAGGAUGUCAAUUAGACUACAUCAAAAUCUGGGCAGAGGGAGGACAAAGAGCUGCCUAAAGAAACUGGUAGCUGGAGCAAACUGCAGAGAUCAAGAUGACCCUAGUCAACGGAACCAGCAGCCCAGAGCAGGGUGUAGGAAGUGUGCCCAGAA
lnc-UBB-14,-6876.98,170.38,-6953.51,UGACCAUGACCGUGAACCAGACUGGUCUCUGCUCUCGAGGAACUUCCAAUCUAGUGGGAAGAGCCAUGUGAAUUUCAAACGGGCAUAUAUGACACUUGCUGAGCACCUGCUUUAUGCAAAGCACUGGGGAUACAAAAAGAAAGAUGUGCGCACUGCCCUCCAGGAGCUCCCAGCCCAGUGCAGGGAGGCAGAGAGGUACACAGAAAG
lnc-UBXN10-11,-6887.46,153.81,-6953.51,GUAUGAUGGCAGCACCCAUAUGGGAGGCCCUCCCAUGAUGCCAAUGAUGGGCCCUUCUCCUCCUGGGAUGAUGCCAGUGGGACCUGCUCCUGGAAUGAGGCCGCCCAUGGGAGGCCACAUGCCCGUGAUGCCUGGGUGCCCAAUGAUGAGACCUCCUGCCUAUCUCAUGAUGGUGCCCAGUCAGCCCAGAAUGACUCGACCAGAC
lnc-USP17L3-101,-6760.16,182.13,-6953.51,CAGAAGACAGGUCAGGCCCCUGCAUAUUCUUACACAGCCACCAAUAAGAACAAAGGCAUCAUUUGCGGAGAGGAUACACUGAUGGAGUAUUUGGAGAAUCCCAAGAAGUACAUCGCUGGAACAAAAAUGAUCUUUGUCAGCAUUAAGAAAAAGGAAGAAAGGGCAGACUUGAUAGCUUAUCUCAAAAAAGCUACUAAUGAGUAA
lnc-VCY-32,-6919.87,192.27,-6953.51,AUGAAAGAAACAAUCAUGAACCAGGAAAAACUCGCCAAACUGCAGGCAAAAGUGCCCAUUGGUGGAACUGCUCACAGAAAGAAGGUGGUUCACAGAACAGCCACAGCAAAUGAUAAAAAACGUCAGUUCUCCUUAAAGAAGUUAGAAAUCUCUGGCAUUGAAGAGGUGAAUAUGUUUACAAACCAAGCAACAGUGAUCCAC
lnc-XKR9-41,-7062.71,216.4,-6953.51,CCGGGCCGAAGUCCGGUGGAUGAAGGGCGGAAGUAGAGUGUCUAAUCCUGCAGUCAUGGCGCAGGAAGAGGAAGAUGUUAGAGAUUACAAUUUGACUGAAGAACAGAAGGCGAUCAAGGCCAAGUAUCCGCCAGUCAAUAGGAAGUACGAGAUUUGGAUCAUACAGCAGAUGUCCGUUACACGCAUGGGGAGAUACUCUGGAG
lnc-ZBTB8OS-32,-7022.19,195.98,-6953.51,CCCCAUGAAUGUAACCAGUGUGGUAAAGCCUUCAACCGAAGCUCAAAUCUCAUUCACCACCAGAAAGUUCAUACUGGGGAAAAACCCUACACCUGUGUUGAAUGUGGUAAGGGCUUCAGCCAGAGCUCACACCUCAUUCAGCAUCAGAUAAUCCACACGGGCGAGCGCCCCUACAAAUGCAGUGAGUGUGGGAAAGCCUUC
lnc-ZNF250-11,-7505.17,208.77,-7005.29,AUGGGCUGGACCUGCAAGAUCCUCUUCUUGGUGGCAGCAGCCACAGGUGCCCACUUCCUGGUGCAGCUGGUGCAGUCUGGGGCUGAGGUGAAGAAGCCUGGGGCCUCAGUGAAGGUCUCCUGCAAGGCUUCUGGAUACACCUUCACCUACUGCUACUUGCACUGGGUGCGAUGGGUCCCUGGACAAGGGCUUGAGUGGACAGGAU
lnc-ZNF267-61,-7229.51,219.68,-7005.29,GUCGGGGCAAACCCCAGGCGGAGUCCGGGGGAAGCAGCACGGCAUCCCAGCCUCAGGCCUGCCCGGACGGUGUUGGUUGGGGAUCAAGAUGAACACACUGCAGCCAAGGACAAGAGCCCCACAGGAGCUCUUUGUCCUGCAGGAGAGCAGCGGACCCACGUCAGAGAAGAUGCUUGUAUCUUUUCACGGCUCUUCUCUGAG
lnc-ZNF479-91,-6936.4,224.85,-7005.29,GCCUCUUUUCUAGGAUCAAGAGGACCACACUCCAGCCCAGGACAAAACCCCACAGCAGCACAUUGUCCGGCAGGAGAGGAGCAGACCCACCUUCAAGAAGAUGGUUGUACCCCUGCACGGCUCUUCUCUGAGCAAUGAAGCCAAACCACGAUACAAUUCUGAAGAGGAAGCCGGGAAUGGGAGACAGCAACAAUCCCUGUCC
lnc-ZNF716-231,-7337.32,204.66,-7005.29,CAUGGGAAGCCGAGUCGAGGCGCCGUGAUCCCAGCCAGAUCUAGAAAGCUUCUGUAUGCUGAGAAAGGAGGCCUACUGUACUAUGUCCACUAGACGGAACCUAAAAGGUCCGCCCCUGCUACAGGCCGCAAGGAAUGUUCUGAAACAAUCCAUGGCACAGCUGCAGAGCUAUGGAAGGGGCCUGAACCCUAACUCUCAGUACCUG
LINC000526,-6850.78,221.54,,AGCUGAGAGAGUACAUCAGGUGGGAAGAAGCUGCAAGGAAUUUGCUGGGUCUCAUAGAAGCAAAGGAGAACAGAAACCACCAGCCACCUCAACCCAAGGCCCUGGGCAAUCAGCAGCCUUCGUGGGAUUCAGAGGAUAGCAGCAACUUCAAAGAUUGGUAGACUCUCUGCUCCAGGUUCUCAACGUGAAGGAAGGAACCCCC
LINC002405,-7390.91,138.37,,CGGCAGGGAGGCCCCUAGGGUGUGGCAGGGCGGGUCUACGGAGGCCUCUUUAGGCCACAGAGCAACGUAAAGCCUAGGCCUGCAGAGACUGCUCAGUCACAGUUGAAGGAGACCUACUGAGUCCUGAGGACAACCAACAAAGGCCUUAACGGCACAGAAGCAUCUACAUGGUAUUCAUAAGGAUGCAGCACUAAUUGUUUAA
LINC012884,-6812.2,216.66,,AGCGCCUCGGGGCCAGUGUGGCCCGGAAUGGCAGAUGCAAAUCCAGGAAGGCCAUUCACGACGUUGUCACAGAAGAAGUGGAGGUCAGUACCACUGCCAUCAUGACUGCAAGCAGAGCAAAUGGACAGAGCUCGCAGAGUGGCCCCAGAGCCUGCCUGGGCCCCCUUCUCACUGCUCCUCCACUCCCUGGUCUGCUGAGAGC
LINC0137613,-7224.45,233.23,,UGUAUACAUCCAACCAACUAGUUAACCAGUUGGGCCUCAGUUCAGCAACUGAUAGGCGCAGCUGUAGCCGCUGAUGAAGGGAGGAGUGAGUUGUGAUAGAAGCCAGAUUCUCCUUCCUGGAGGAGGCGCAAGAAAUGCCAUCAGCUCCUUCGGACACUGCCGGCACUGUUUACCUAACUCCCACAACUCAGCAGGGGUAUAA
LINC015093,-6910.9,231.8,,AGCAAUUCUCCUGCCUCAGCCUCUCGAGUAGCUGGAAUUACAGGCGCCUGCCACCACACCCAGCUAAUUUUUUGUAUUUUUAGUAGAGAUGGGCUUUCAUCAUGUUGGCCAGGCUGGUCUUGAACACCUGACCUCAGUUGAUCCACCCUCCUCGGCCUCCCAAAGUGCUGGGAUUACAGGCAUGAGGCACUGCACCCGGCCA
LINC0176248,-6975.26,181.37,,UUGAGCCAGGAUGAGCCAGGAAAAGGACUUUCACAAGGUAAUGUCAUCAGUUAAGGCAAGGACCGGCCAUUUACCAGUGGAAUAAAUAAAUACCGGCCAUUUUGUGGUGGAAUGUCAUCAGUUAAGGUGGGGCAGGGCAUAUUCACUUCUUUUGUGAUUCUUCAGUUACUUCAGGCCAUCUGGAUGUAUACAUGCAAGUCAC
LINC0193815,-7337.27,150.25,,UCCCCUUGCUCUGUCUUCCUCUUGCUCCAGUCAUGUGAGACACUCGCUCCCCUUUGACCUCUGCCAUGAUUGUAAGUAUCAUGAAGGAUUAUUUCUCCACUCAUAGGACACAAAGCCCUCUCCUGUGUUUUCUUCUUUGAAUUUUACAGUUUUGCCUUUCCCAUGAACAUCUCUAUUCCAUAUGCGUUUACUUCUGUAUGAA
LINC0215329,-7009.49,221.24,,CCCGGAGACCCUAGCGUCCCUGGCUCGAAACCAGGGUGAGCUUCGGGCCCGCUAGUGGUACCUCAAGGCGGGCAGAAAGCCCAUGAGGGGAAGGUGAGGCACCUGGGGCAGAGAAAAAAAACAACAAAAAACCUCGCCGCGGUGAGGUUUGAGGGAGGAGCGGUGAGGCACCUGUGGCAGAAAAAAAAAACGCCCCACGGAG
LINC0224016,-7241.97,223.38,,AUGGCUUCCAGUGCUUUGAUGAAACCUCAGACACAUGGGUUUCAUAUUAUUGGAGCAUUUGUUGCUUCCCUGAGGGUUGCAGCUCUCUAUGUUUGCUCUGACCAAACCAAGGAAGAAGGCAUGUGCAGAUUUUUACAGAAAUUAUGAUUCCAUAAAAGAUUUUGAGGAGAUGAGGAAGGUUGGUACAUUUCAGAGUACAAAG
LINC0224017,-7465.54,219.05,,GGUUCUUCUAAUUCUUAGUGGGGUAUGUAUGUGUGUGUGUGUGCGCAUGCACACAUGUAGAGUGGUCUUCUUUAAUAAUAAGAGUUUCUGUUGAGGUUGUAGGGAAUGCCUCUUGAUCUUCAUCUGUUCAGGGGAAUAGAAACAGGAAAACAAGAGUCAACCAAAUCUGCCUGGUUUCCUUUUUCAGUUUGGAUGGAUCAUA
LINC0230114,-6626.97,213.98,,AUGGCGGCGGAUCUGUCGGGCCUGGCUGUCCGGCUCUAGGGCUCGGCCGCCGCCCGCCCCCGUGGGGUCUUCUGCAAGGGGCUGACUCGCAAGCUGCUGUCUUCUUCGAUCUGGCCUGGCGGCUGCGCAUCAACUUCCCCUACCUCUACAUGGUGGCUUCCAUGAUGCUCAACGUCCGCCUGCAGGUUCAUAUUGAGAUCCA
LINC0258321,-7081.39,217.88,,GGCAUGAGCCACCGUGCCAGGCUCCAUUCUCCUCUUUGGAUUGUCAGUUGAAAUACUACCUCUUCAGAGGGAACUUUUCCAGCUACCCUUGCAAAGUUGAGUCCCCAAGUUCAUUUCUGACAUGGCAUCCCAUUUAUCCUCCUCAAGGCAUUUACUGCAAUAUGGAAUUAUUUUCCUUAUUGUCUACUGUUAAAAUUUUCUG
MAFTRR20,-6823.61,186.86,,GUUUAGAAACUCCCUUUUGUAGAAUCUGCAAGUGUACAUUUGAAGCGCUUUGAGGCCUAUGGUGGAAAAGGAAAUAUCUUCAAAUAAAAAUUACACAGAAGCAUUCUGAGAAACAUUUGUGAUGUGUGCAUUCAUCUCACAGUGUUGAAACUAUGUUAUGAUUGAGCGGUUUUGAAACACUCUUAUUGUAGAAUCUGAAGGU
PTCSC21,-6964.49,202.34,,UUGAACAUCAGACUUCAAGUUCUUCAGUUUUGGGACUUGGACUGGCCCCUUGCUCCUCAGCUUCCCAAUGGCCUACUGUGGGACCUUGUGAUCAUAAGCUGACAAACGGUUUAUAUCAGAAGGUGGAAUCGUGGGUAUGGUCGAUGUGGCAGGUCCUAAACAUAAAUUGGGUAAGCUAAGGCAAGCAAAGCUGUUACUUUUG
PTCSC22,-6806.71,183.74,,GAUUACAGGCGUGAGAGCCACGGCACCCGACCGUGGCGCCAUUUUGAACAAGCUUGGGAGGGGUUUGAAAAUGCCUUUCUUGAACCUGUCCUUGCAGAGGGUGUUGCCACUGACAUUGCAGCAACAGGAGAUGGAGACCAUCCUGGCUAACACGGUGAAACCCCAUCUCUACUAAAAAUACGAAAAACAAAAUUAGCUACUC
lnc-ABCC2-31,-7334.42,162.91,,UUCAGAAAGUGUCGCAAUAAGAUGCACACAUUGAGCCUCUGCUGUGGCUCUAGACCUACUACCUCAAAAGUUGACCUGUGGCAAAUGUGGCUACUCGGCCAAGCACAAGAGAAAGUAUAAUUGGAGCUCCAGGGAUAAAAGACAAAAAAAAAAAAAAAACACUAGGACCAGUUCAAUUAUGCACCUAAAAAUUGUAUACAGG
lnc-ADCYAP1-101,-7045.03,204.8,,CUGGGUUCCAAAAGAAGAAUGCAUCUCCCAGGAGACAUGACAAUGAUUCCAUUCAACAGGAAGUUGAGACUGCCACCUGAACACUUUGGGCUCCUCAUGCCUCUGAAUCAACGGGCAAAGAAGAGAGUUAUAGAUCCUAACCACCCAGGAGAAAUUCGGUGGCCACUACACAAACAGAAUGUAUUAAUAGUAAUUAAAUUUA
lnc-AIPL1-11,-7084.54,203.33,,CAUCUUCAGCAAGAACCACAAGCAAUUCCGCAUAAUCAGCUGGAAGCUGGAUGAGCUGCACUGCCAGUUCCCGGUUCUGCUGCCAGGCAGCCUGCACUUGCUGCCGCUGCUCACACUCCACUGCAACAUCACGGAAUCCUAUCCAUCUUCUUCACUGAUGUGGUUUGUGGACUCUGAUGACCCAAAUCUGACAUUAGUUCUG
lnc-AKR1C2-32,-6979.36,206.89,,AUGCCCCAACUAAAUACUACCGUAUGGCCCACCAUAAUUGCCCCCAUACUUCUUACACUAUUCCUCAUCACUCAGCUAAAAAUAUUAAAUACAAAUUACCAUCUACCCCCCUCACCAAAGCCCAUAAAAAUAAAAAACUAUAGUAAACCCUGAGAACCAAAGUGAACGAAAAUCUGUUCGCUUCAUUCAUUGCCCCCACAAU
lnc-ALDH1B1-71,-6844.97,218.46,,AAAUUAACAGCCCAUUAUUAUGGAAGUUCUUUAUUGAUCGCCAAAAUGGGUUAGGUAUACCUGUUGGAGGUUGCUUCAUCAAGAGACGCUGCAUCCCAAAGUAGGUAGCAUUUUGUACAGUGGACACCGAAGGAAAGCGGCACCGUCUACAAAAAUAAUUAUGGAAUAUUUUUUGAAAAAAUAAUUGUUUCGAUAAAUUCCA
lnc-ALG1L-41,-6681.96,179.65,,GAUGUGUGAAUACAUGAUUAGCUUCAUCCACAAGCCGUAACACUUACCAGGGAAAUAUAUGAUGAACAGUGAUUUGGAAAACUUCACAAUUUUAUUGGUGGUGACAAACAGGGAUACACAAGAAACUCUCCUCUGCAUGGCCUGUGUAUUUGAAGUUUCAAAUAGUGAAUAUGGAGCACAACAUCAUAUUUACAGGCUUUUA
lnc-AMELY-101,-6883.05,208.35,,CUGGUUCUUCCUGUUUCAUCCUAUUUGUAUUUUUAUUAUCCCAAUUUUGCAGGUAAGGAGACCAAAGCAGAAAGAUCAGUAACCCUCCUGGAGUCUCACAAUUAAUAUGAAUCAGAGCAGGAUCUUCAACUCCUCAACUUGUGUUUUUAACUGGCACAUCUUCCUGCCUGGGUGCAGCAGGGUACCAACAUGAUGCCAUUGA
lnc-AMPH-105,-6710.05,163.16,,UCUAGCAACGUUUGAGAUUGCACUAAGUAUCUCCCUGUGUGCUGCUCCAGGACUUGACUGGUGCAGUAUUGGUGGCUGCUGGGUCAGAUGAGCUCCCUGCUAUUCCAAGAAACAAUACAUGUUUGCAGCCACUAAGAUUUGAGGACUUUUGUUAUUACUGCCUAUCCUGACAGACUCAGGUGCUACAACUAUUUAAGGGCAU
lnc-AMPH-106,-6559.79,140.05,,GAUAGUGAUGAUGGUGAUGAUGAUGGUGGUGGUGGUGAUGGUAGUGGUGAUGGUGAUUGUGAUGGUGGUGAUGGUGAUUGUGAUGGUGGUGGUGAUGGUGGUGAUGGUGGUGAUGGUGAUGUGAUGAUGGUGAUGGUGAUGACGAUGGUGGUGAUGGUGAUGGUGACGGUAGUGGUGAUAGUGAUGAUGGUGGUAAUGGUGA
lnc-ANKMY1-11,-7025.36,235.05,,UUGGGGAUUUUCAGUACCUGUCAGUGAAUGGGCCUCAUCAAGCUGUGAGCCAAAUCCAGGAGCUCUGUUUGCAAUGGCUGCAGCCAGAGAUCCUCACCAAGGAGCAGAUGAUAGAGCAACUAGUGCUGACACAGUUUCUGAGCACCCUGCCAGAGGAGAUUCAGACAUGGGUGAGGUCAAAACAGCCCAAGAACAGCAAAGA
lnc-ANKRD20A2-101,-6968.02,221.84,,CAUGGCGGCGCUCUACGCCUGCACCAAGUGCCACCAGCGUUUCCCCUUCCAGGUGCUGUCUCAGGGGCAGCAGCUGUGCAAGGAAUGUCGGAUUGCACACCCUGUUGUGAAGUGCACCUACUGCAGGACUGAGUACCAGCAGGAGAGUAAAACCAAUACAAUAUGCAAGAAAUGUGCUCAGAACGUGCAGUUGUAUGGAACG
lnc-ANKRD36B-36,-6843.91,226.26,,AGGAAUAAAAGUUUCGAGAUUCUGUUAUGAAUGUUGUGCCUUGCUCUUGAAUUGUUGCUCUUGGAUCUCUACCCGGAAAAGUAAAUCCCUCCUUUAACCAGCUAAUUACAGGAAGAGGAUCACCAGUGGCUUUACAUUUCAGUAACGCUGUACCAUCCACUGCCAGCGUUUGGUUGGCUGGGCCUUGUAGAAUUAUAGGUGG
lnc-APOL3-21,-6877.56,224.11,,UUACAUGAAGACAAAAGUGCUGACUGCAUAUUUUCAGAAUUUCAGUCACCAUCAACUUCUCCUGCCUGAGAGCUUGUUGGUUUCAGGACCGUGGGAGACAUGAGGAAUGGAUCUGGAUGCGACUUGCAGAUUGAAGCCAAUCCCAGCUGAGCAUAAUGCAAAUCAGUUGUCCCUCAGCUAACUCAUGCACAUAAACGAAUUC
lnc-AR-21,-6961.45,215.47,,GCCUCUUUUCUAGGAUCAAGAGGACCACACUCCAGCCCAGGACAAAACCCCACAGCAGCACAUUGUCCGGCAGGAGAGGAGCAGACCCACCUUCAAGAAGAUGGUUGUACCCCUGCACGGCUCUUCUCUGAGCAAUGAAGCCAAACCACGAUACAAUUCUGAAGAGGAAGCCGGGAAUGGGAGACAGCAACAAUCCCUGUCC
lnc-ARHGAP6-75,-7097.41,186.9,,AAGUUGAUCUGGUGCCUUGGUCACUCGUGGCUUCUUUCUUCUAUGCCAGCUCUGUCUUCUCUACACUUCCUCUGGAGGAGUAGGCCUUGACACAAUUACAAGAAGUCAGGGACCCUGAACAGAGGGACCAGCUGAAGUCACAGCAGAAGAACAUAAAUUGUGAAGAUUUCAUGGACAUUUAUUAGUUCCCCAAAUUAAUACU
lnc-ARID1B-61,-6816.57,162.0,,GAACCAAACGCCAACAGUGUGGCCUGGAACACCCAGUGUGAGGACAUGCAUGCUCUGCUUCUCGGGAGGAGGCUACCUCAACAUCAAAGCCAGCACCUUCCCUAUGCACCGGCAGAAGCUGCAGGGCUUUGUGGUCGGCUACAAUGGCUCCAAGAUCUUCUGCCUCCAUGUCUUCUCCAUUUCUGCCGUGGAGGUGCCGCAG
lnc-ARRB2-31,-6904.86,137.31,,GUAUACAUCCAACCAACUAGUUAACCAGUUGGGCCUCAGUUCAGCAACUGAUAGGCGCAGCUGUAGCCGCUGAUGAAGGGAGGAGUGAGUUGUGAUAGAAGCCAGAUUCUCCUUCCUGGAGGAGGCGCAAGAAAUGCCAUCAGCUCCUUCGGACACUGCCGGCACUGUUUACCUAACUCCCACAACUCAGCAGGGGUAUAAG
lnc-ARRDC4-41,-7499.94,159.7,,UUCCUUCUAUGACAAGGACCCUGAUUCGACACGGCUGCCCAUGUUCCCAGCUCCAGGAGAUAAACGAAGUCAAACCUAAGCCACUCAUGACAAAUUUGUCUCCUGUGUAAUUGGUCUAGGCACAAGCACAUGACCCAUUUAUAGACAAUGAGACAGGCCCUUGUUGAAUUAGAACACUGCUGCUAAAAUUGAAAGCAUGGUA
lnc-ARRDC4-42,-7366.96,153.6,,UGCUAAAUGUAAUUUGCCCUAAGUUUUUCUUUUAACAAUGGGGUGACUGGUUUUGAAAACUGAAGGCAGACUUUACAUAGUUGUUGAAAUGAUAUGGUAAAGAUGUCCUUAAGGACAGGUCAGAAGGCAACAGAUUGCAGCAACUGAAACUCCGAACAGAAUUAAGUUCAGCAGGGUGAAGUAAAGUUCAUGAAUCCAGAAG
lnc-ATP5ME-23,-7045.72,123.3,,CCUCUUUUUCCGGCUGGAACCAUGGAGGGUGUAGAGAGAAGAAGAAGGAGGUUCCUGCUGUGCCAGAAACCCUUAAGAAAAAGCGAAGGAAUUUCGCAGAGCUGAAGAUCAAGCGCCUGAGAAAGAAGUUUGCCCAAAAGAUCUUCGAAAGGCAAGGAGGAAGCUUAUCUAUGAAAAAGCAAAGCACUAUCACAAGGAAUAU
lnc-ATP6V1B2-71,-7237.37,199.99,,ACAGAUCCUGAAACUUUCCUGGGGAAGGUCAGCCUCAGAUACUGACAAGACACCAAGGGACUGCAGCUGCUUACUAUGGAAAGAGCAUGACCCUAUGAAGAAAGGAGAUGAAGAGAAAAAGUCAUAAGAUCAGCAAGAAGAGAAACUGUAGAUUUGCCUCAACUCAACAUGUUAAGUAAUCGCCUGACAUCUACAUAAGACC
lnc-BCL11B-31,-6712.65,240.25,,GCAGCCAGCCCUGCACGCCUUCCCCAACAGCCUCGCUGGGGCAGUUCAUGGUUCAAAGCCUACAGCCCUCCAUCUGAGUUACGAGACUCAUAUAUAGGCUGUACCUUCUGCCCAUGGCUGUGGGGAACCAGGACUGCAGAGGAAGCAUGUGAGUGAAGCCACCGGAAGCAAGCAAAUGGAACAAAACCAGCACCACGACCAC
lnc-BEND7-53,-7419.34,218.16,,GCGCUGUUUCCGCCUCUUGCCUUCGGACGCCGGAUUUUGACGUGCUCUCGCGAGAUUUGGGUCUCUUCCUAAGCCGGCGCUCGGCAAGGUUGAAACUUUUUCUGGUGUCUAUAAGAAGCUCACGGGCAAGGAUGUUAAUUUUGAAUUCCCAGAGUUUCAAUUGUAAACAAAAAUGACUAAAUAAAAAGUAUAUAUUCACAGU
lnc-BPY2C-22,-6376.05,167.12,,CGGGGAGAUGGAGUAUCUUCUUCCAUCACAGAUAGUGGGACUCUGUGCUGAUGCCAGUAAGUAAAGAAGAAGGAAUAAGAAAGACACUGUGUGAUCUAGUAUUAAUAAGGAAGUAAGUGAUCAGAUUACUCCAGCUAGGUCAGUAGAAUCUAUCAUCAAGCAAGUUGAGGCCGACAGCAUUCACAAAUCAACUGUCUACGUU
lnc-BRD7-21,-7612.12,253.91,,CACAGCCUUUAGAAACUCCCCUUGAACGUGCUGGGCUGACCUUCCUCUGAUCACAGGCAAGGCAAAGGAAAAUGACAGGCCCUUGCCUUCCCGGUCCUCAAGGGUCAGCUGUAAGAUGAUGUCAUAAAGCCGGAUCAGGUCCUGGGGCCGGGGGAAGCACUUGCUGUCAUCCUCUGGCUGCUGCUGCAGCAGAGCCCUCUGC
lnc-BRF1-191,-7236.94,220.54,,UAGUACAUCACGCUCUGGCCCGCCAUGAAGUGCUGCUCCGCCGUCUCCAGGAAGCGCUCCAGGAGCAGUUCACCCAUCUCAGUUAAUCAAGCUCCGCGUCUUCUGCAGACUAAUCAAACCACUCAUGGAACCAAAGAAUGAGGAAAAGGCAGAUGGUAUCCCAGAAAGGUGUCUUCUCCAACAGCCAGAUACUUUUCAUCAG
lnc-BRF1-62,-6832.7,144.68,,CGGCCUUCUGAAGGAUAAAAGCCAGUCUCUCUUCGUGGCAGGCAACUAGCUGGUUAUUCCUCUGAUUGCGUCACAAAGGGAAAUCUGUAUAUUCACCCCAGAUUUCUAAAAGAAGCAAGAAACUUCAAGUUCACAAAUCAUCUCUCAAGGCAGGUGCCCUGUAUGACAACAAGGUUAUGGCCCUCCCUGUCUUCAGAACAGG
lnc-BRF2-171,-6606.67,160.82,,UCCUAGGUGUUAUCAAAAGGUCUCAUCAAAUUAUUUUAUGUAGAAGAGCACCCAAAUGUUAUUUCUUGCUGUUCCUCUUCUUUUCCUCAAGAGAAAGAAGGUUGAAAACUGAAAAUGAUGAAGUUGAAGAAUGAAGUCAAUGAGUGUUAAGAAGAGAUUCAUUUAUCCUUGAGAAAUGAAAAAGUAGAGUGCUGGUGGUGAU
lnc-C11orf1-21,-7087.03,209.66,,CGGAGAAGCAGUGGUGGGUUCCAUGUGAUGGUGGAGUAGGAGGCAGGUCUCCGCGAUUUCCUAGUGUAUGUAUAUGAGAGUUUCUUGAUCUCUUUAUCUGUGGAUGAACAGCUACUUUGAAACAUAUGGUACAUUUGUGUUAAGGCUAGUCACCCUGCUGUGGAAUAGAAGGCCAGAAUUGAUCAGUCUCAUCUGAGAGUAA
lnc-C1QTNF5-61,-6801.29,207.93,,AGACGUUGAUGGGAAAUGGCUGACAGCAGGAUAAACAAGCAGCUCCCUUUUUGGUGAGCUUCAGGGGAAUCAGGUGGACAGAAUCAAGGCUUCAGACCCUGAACUAAAUACUGGAGUGUCGAGAUCAAGAAGGCAUGAUUCCCGCCCUUAGGAGUGCACCAUCAAAGGAGGUGAGGAGUGCAUCUCCUCACAGGAGGAGACAG
lnc-C2orf69-101,-7211.68,209.17,,UGAAUCCCCUAUUUAAAGUGUUGAAGAUCACCAAGAGAGAAGGCAAGGGCUGCAGCUCUUAAAGCCUGGAACGGUUUGGACACUGCAACUUUUCCUACAUAAGGGAAGGUCCUUUAAGCACGGAAGCCUUUAAAGGUGUGUGAAUUUGGUAUUGACUUGAAUGAAGGAUGUUAGAGCCUGGGAUGCUGAGGCAUGUGUUUACU
lnc-C8orf89-41,-6949.99,204.67,,AACCAAGAAUUUCAUAUACAGCUAAACUAAGCUUUCUAAAUGAAGGAGAAAUGAGAUCAUUUACAGACAAGCAAAUUCUGAGGUGAUGGCAUCAGCUGAGAAGGGAAGGAAGCCCAUGAGAGGACACUGAAGAAGGAGUGAGCAGACAAUAAGAAGCCCACAGAAGACAGAGAAGGAACAACUAGAGGGAGAAGCCAAGGCAG
lnc-CAGE1-31,-7054.67,195.87,,GUAAGCCCACCUGAGCCACAGAACCUUCUCCCUCCCUACAAAAGGCUCAGGAGUAGGAGGCACCAGAAACCACAAAAAAGACUCCGGCCCACAGCUCCCCGUCCCGCUCUGCCUCCUCAAGGACCCUGUGCUUCCUAUGUGGCCCUGCGUGGUGUGCUGUGACCCCCUCCUCUUGGGAACUGUAACAAGCUAUCUUUUCUAUG
lnc-CBLN4-21,-6864.15,204.79,,AAGACCAUAUUUUCAGGGAUCAUUUCUAUAGUUCAUUCAUUACUAGAGAAGUUUCUCUGAACAUGCAGGGCACCGCAAACCAUGAGGAAGAGGCACAGCAUUCUCUUCUGAGCCUGAAGCCAGCUCUUCUUGCUUCACUGCCAUUUGCCCUUCAUGAUCAUUCUCUUCCUGCAGGAGAGUAAGAAAGGAUGCAGUCUGAGUGG
lnc-CCDC125-64,-7108.19,151.56,,AAGACUAUUCUUUCAGGGAUCAUUAUGCGAGAAGUUUUUCUGAAUGCCUAAAGAACCAGAAAACCAUGAGGACAGACAGCAGCAUUUUCUCCUGAGCUUGAAGCUGGCUCUUGGCACUGGUUUGCUGCAACUGCCGUUUGCCAUUGCUGAUCAUUUUUCUCUUCCUUUGGGAGAGUGAGGGGAAGAGAAUGCAAUCUGAGUGA
lnc-CCDC125-67,-7210.8,218.49,,AAGCUUGUACUCUCAGUGAUCAUUGCUGUAGUUACGAGAUAAGCUUCUCUGAACAUGCAGAGCAGUGGUAACUAUGAGGAGGCACAGUCUCUCCUGAGCAUGACUCUGGCUGUUGGUGUGGCUUUGCUGCAGCUGCCGUGUGCCAUUGAUGAUCCUGCUCCUCUUCCUUCGGGAAAGUAAGAGGGAGAGAACAGUCUGAGUGG
lnc-CCDC126-41,-7149.82,174.3,,CUUCCCCGCACCAUGGAGUUCUCCGAGAGGAAAAGAAGCAGGAAAUCCCAGAGCUUCAAACUGGUGAGCCGAGAUUAUCACCACGAGGUGUAUAAGAUCCCAGAAUUCAGCAACGAUGUUAAUGGGGAGGCCAAAGAGACACAGCCCAUUUUUUUAGGUGUAUUGUCAGCCUUUGGAGACUUUUGCUGUGUGUUUCAUAGAAU
lnc-CCDC85A-22,-7291.93,158.76,,AGUCUCUAAGGCCAUGAUCGCCUACUGGACCAACUUUGCCAAAACAGGGACCCCAACAUGGGCGACUCGGCUGUGCCCACACACUGGGAACCCUACACUACGGAAAACAGCGGCUACCUGGAGAUCACCAAGAAGAUGGGCAGCAGCUCCAUGAAGCGGAGCCUGAGAACCAACUUCCUGCGCUACUGGACCCUCACCUAUCU
lnc-CCL26-11,-6984.75,201.42,,CUGGAUCAGAGGAGUCAGCACUGUCAUUUGUGUUUGGCAGAGACUGAAAGAUGUUCGUCUGAAGAUUUCAAAGCCCACUGCUGAUUUAAGGUCAUUCACAUUCAGCCAUGAAGCUGCUCUGAAGACACAGGAACUGCAUAGCUCCCUACUGGGAAUGUCAAGGGCUGUGAAAGGUCUAAGGUUUUAUCCUACUUGCAACCAAC
lnc-CCNL2-11,-7035.63,166.88,,GUUUACUCAUGGUUAAACCCAGAAUACAGUUAGUGUUAAAGUAGAAAUGAAGCUGCAUUCCAGGCAGGAGAAUCACUUGAACCUGGGAGGCAGAGAUUGUAGUGAGCCAAGAUCAUGCCACUGCAGUCCAGCCAUGGUAAAAGAACAAGUCUCUGUCUUAAAAAAAAAAAAAAAAAAGGAAAAGAAAUCACUAGAAAUUAAGC
lnc-CCT5-241,-7367.99,202.51,,CUCCCAAGUUCCCAUUUUCCCACACAUCAUUACAUUUCUUCCCAGCUACAUAAACCCCUAAUUUUAGUCAGUCAAGGGGAUGGAUUCAAGACUGAUCUCCCACCUCCUCAGCUGCAGCACCCAAUUAAAGCCUUCUUCCCUGGCAAUACUCAUCACCUCAGCCAUUGGCUUUCUGUGUGGCAAGCAGCAGACCUAGACCAUAU
lnc-CD55-51,-7273.1,209.88,,GGAGAUUGUGCCAUUGGAUGAGAGAGAAAAUUUCCAGGGCAUGAAUGGAAAGGCUGACAUGUUCAUAAAUAUUGCUGACCUAUUUUGAAGCACAGCAGGGAGUUGAUUGCAUGGAUUGGACUAAUGGAGGACUGAAAUAAAUUUGUAUUGCUUUUUGUUGAUGUUGUUUAUUACAAACAUUGCUGAUUCUUCAGAGUCUGGAG
lnc-CD70-31,-6613.92,198.24,,CUCGCCAAGUUCAGAUUCAGAAUCUCAUUGGAGAAGGAGUGGUGUGGUCCACUGGGUGAUGGAGAGGUUCAUUGUGUUACCCUGGGCCAGAUCUGGCCCAUAGCAGCAGGACAGAGGCUGGUGGCGUGAGAUUCCAGGUCAGCAUUAGCUCACUGGUGGCUUCCCUCUGGGUGCCAGUGGGCCCAGGUUGGUGGGCAGGGCAU
lnc-CDY1B-91,-7080.64,261.64,,GCCUAGGAAGUCAUAAAACAUCACUCUGCUUCAUUCUGUUGGAUACUGAUGAGUCAAAACUUGCCAUUUUCAAAGGAAAAGAAUGCAGACACCUCUUAAAAGAGCAGGUAGUUAGAAUGCAACACUGGAAGAAUGUGAGUUUGAGACUAGAAAGAAAAAUUGAGGUAGCAUUCAUAUGGCAACUUCAUAUGACUUGAUGAUGU
lnc-CEP57L1-15,-7266.48,210.02,,CUAAGAGAAAGUGCUGCUGCAAAAAGAGUUUAAUGAGAGGAAAAACAUUAACAUCUGCCAUUUUUCUAAAUUGAAUGUGAAAGAUGAUCCUGACAGGCUGAACAAAGAUGCUUGCUCUCUGUUGUGAUGUUUGACAAGGGAAUCUUCCUUCAUUUUCUCCUCUGAUGAGCCUCUCUACCAGAUAAGCAGCAGCAGGAACCAAA
lnc-CFAP46-36,-6392.0,214.21,,UUUAAGAAAAAGAGAGAGAGGCAGAGAGAAAGCCUGCUUCCCUUUCUAAUUACAGUCCCAUUUCCUUAGCAAGUCCUUGAAAAAAGAAUUCCCCAAGUCUCUAAUCAUCUCUCUAGUCGUAAUCUCCAUAAUUGUGUCCCUUCCAGAUUCCUUCUUGGCACAGCCCAGAGACUGAUUUGCUCCAUGUGGUUAAAAACCUUUUA
lnc-CHRNB4-14,-7211.43,232.24,,CCAAGGACAUGAAUUUGAUUUUUUUUUUUUGUGGGUCAGAAUAUUCCGGGUGUUAAACACUUAAUCACAACUAAUUAUUUUGCAAUUGGAAGGAUGGAAGAGGUACAAAGAAAAUCAAGAAAGAAAGGUAGAAGAGAGAGAAAGAGGAAGAGAAGGAGGAAAGAUAAAAAGAGAAAGAGAGAAGAUAGGGAGGGAGACAGGGA
lnc-CLBA1-61,-6407.36,201.71,,CGGAGCCUCACCCAGAGCCUUCUGGGGUGGUGGAUAGCUGCUAAGAAGACCGCAGCAGCCUUCAUAAGUUGUAUCUUCCCCUUUACUGAAGAAUCACCAGUCACCUACAGUUGCACAGCAAGCAUGGGAAAAUAACUGAAAUUUUGAUGUGCCAUUUCUCACUUCUUUAAGAACCCUCCUUCAAAUUCCUGAAUAAAGCUGCU
lnc-CLINT1-31,-7074.68,178.02,,CCAAACACAUGGCCCUUCCAACGUUGCACCCCCACCUGCCCUCUGUCUCCACCCUUCGCUCCACUCAACCGGUAGGUGGCUCCCAGAAUCACUCACCGAGAUAAGCACUGGAGCCUCAAACCUCCCAUGCCCCCGGGGCUCCAGACAAUAGCCCAGAAGUGUACUUCCUUAGAUUUGGGGUGAGGUGAGCUUGCGUUGGGGGA
lnc-CNPY3-21,-6908.28,242.86,,CAGUGACGUAGAUGAUCCUGACCCUGGGGAGAAUGCCAGGUGAGCAAGUUGUCACCGUAGGAAUCAGAAUGGACGUUAUCAUCCGUAGUGAGAAUGGCAAAUGGAUAAUCAACAUCAGCCCAAUUGCCAGACUAAAACAUCAUUAUGACAGACUUCAUUUGCAAGAAUUCUUAAAACGGAGAAGCUGAAGAAUAAAGUGGCCA
lnc-CNTNAP3B-223,-7020.4,217.43,,UUAGAAGAUGGGUGUCUGCUCAACCUAGAUGAGGCUCAACAAUAUCUCAGAGGGAAUCCAUAUGUCAUCAUUUCUGGCCAGUGACCUCUGAGUGGAAGUCUGAGAAGAAGUUUCUGGGAAGAAGAGUCCUGUUAUGUCCUCACUCUGUUGUUUCCUGUGAAGGAUACUGGUGGGCAGAAGGGAAGACUAGAUUGAGGCAUCCA
lnc-CRYAA-131,-7115.46,248.67,,GAAAUGGCAGGCACCCACAGCUGCAGACCUCAAUCUGGAGACAGAGUUUUACCAUGGGCUGGUCUUGAAUUCCUGGACUCACGCGACCCUCCUGCCUCAGCCUCCCAAAGCACUGGGAUUAGAGGCAUAAGCCACCUUGCCCAGCCAAAAUGUCUUUUAUUUCUACUGUUCUAGAAACAAACUUGCUCAGUUUACAAGCCACU
lnc-CYLC2-11,-6910.29,182.8,,GAAUUGUCUUCUUUUUUCAGCUGCUACUCUGCUAAGACAAGAGUUAGCCCCUGAGCUAUGUUAUCAGUUCAAGGCUUUGCAGAUAGCGCUGUAUCGUGGGGGAAAAAUGAACAUGGUUUUCAAAAAGGAGGAGAACAUUUCUAUAACGUUGAGACUUUUAGUAAUCAGGGCUAUUGAUGUCAGAUGGCUGUUGGGACAAAUGA
lnc-CYLC2-12,-6722.55,144.28,,GAAAGAUGAUGACCUCUCCAUGAAACAAAAUGAAAAUGAUCUAUCACAGAUAACUCUCAGCCAACAUGCUGAUGGGCCUCUCAAGCAGAUACAAGAGACAGGGUACAACUAUGCAAUGACCCUACAACUGCUGGGCUUGGAAGACGGCACUGACCCCAGUGAUAGGAAUCCUGUUCUGAUGAGAGGGGCCUACUUGUCCUUUC
lnc-DCUN1D5-31,-6473.74,134.61,,CUGGCAGGGAUGGAGCUGGUGCGGGCCUGGAAGUAGAUGUCCUGGUUCUACUACCAACACCUGCUGGUCACAAUGCUCUACAUGCUGGAGCCCGAGGAGCGGAAGGUGCUCAAUUCCACGCUGGUUUCCAUUGAUACGCAGGAUACAUCUUCAUGACCCAGCACAUCAUGGCGAUAUUGCACUACUUUGAAAUUGUACAAUAA
lnc-DDX60-41,-6910.72,211.12,,CGCCGAGAGCCAGCGAGGGGAUGCCAGCAAGCUGUCACCUCUCAGAAAUACAGGAAGAACAUCAAUAAUGUUCGAAGUUAUAAAUUGCGGAGGCCAGAAGUCAGAAAACAAGGUGUCUGCAGGACCAACCUCUCCUCUGGAUGCUCUAGUGCGUUUUAUCACAAGAACAUGACCUUUAAGCACAAGAACACCUUGUAUUCCAC
lnc-DEF8-218,-7171.65,205.21,,CCUCAGAAAAUUGAGGAAAUCAAGCACUUUCUGCUCACUGCCUGGCGAAAGGAUGCCAAAUCUGUCAAGAUCAAGAAAAAGAAGGCAAUGCGAAAUUUGAAGUUCAAUUUAGCAGAUACCUGUCCACCACGGUCAUAGGGAAAAAGAGAAGGCAGAGAAACUGAAGCAGUCCCUGCCCCCUAAUUUGGCAGUGAAGGAGCUGA
lnc-DEFB115-11,-7188.84,230.07,,CCAAGGUGACAGGAAACUCAGAAGAGGACAGCAGCUCGUGGACAACCACCUUGAGAGUGUCACCAUUGCUGUUUUACAGUGUCACACACAGCAGUCUCACACGACCAGAGAAAGCUUUCCAGUGUGUAAGUGAUUGUCCUGGGAGAAAGCAGAAGUUGAAAGAAACACACCUUUUAUAAAUUGCUCCAGCCAAAAUAACAGCG
lnc-DEPP1-216,-6957.08,229.18,,GGCCUAUCUAGGAAGACUGGGCCAACAUGCGAUCCCCUCUGCAAGGUGGAGGCCAUGCACCUGCCUCCUGCUCCUGAGCUCCGGUAUCCUCACUGUGACCCAGGCCCCACUGCAGCAAAGAGACACUGGGAAUUAGCCCUUCUGUCCCCUCCUUGCCAGAAGCAGGAGGCCACUGGAGGCUCCAAGGGCUCUGAAAUGUUGAG
lnc-DICER1-41,-7465.38,150.7,,CCAGGUAUCAUUCUAAUUACUCUACACACCUAUUUAAUCAUCACUUUACACUGCCUUAGGCCUGUGUACCAGGCAUAUCUCUGUGUACUUUAAAAUAUGAAAUAAUUCAAUUCUCUAAGCAAUCUUAUGAAGGGUACUGUUACUAUCCCGAUUUUACAGAUGAGAAAAUUGAGACACAGAGAAGCUAAAUAAUUUGCCUAGGG
lnc-DIRAS2-31,-7007.47,198.72,,AAGAAUAAGGCCUACUUUAAGAGAUACCAAGUGAAAUUUAGAAGACAACAAGAGGGUAAAACCACAUUACUAUGCUCGGAAAUGCUUGGUGAUAAAGGAUAAAAAUAAAUACAACACAUCCAAAUACAGGAUGAUCGUGUGUGCAACAAACAGAGAUAUCAUUUGUCAGAUUGCUUAUGCCUGUGUAGAAGGGAAUAUGAUAG
lnc-DR1-12,-7541.15,210.0,,GCCCAGAAGGUUACUCAAGCCCAGUCAUCAGUAUCCAUGCCAGUGAGGAAAGCAGUCACCCUGAACUGCCUGGUUCUGAUGAACAGAAUGCAAAAAGUGGUCGCUAUUCUGUCAACUUCAAGAAAGCAGCGAAAUCCGUCGCCUUAACCAUUUCAGCCUUACAGCUAGAAGAUUCAGCAAAGUACUUUUGUGCUCUUGGGGAA
lnc-DYNC1I1-31,-7202.06,222.69,,AGGUAUGUCAUUUAUGCUCCAAGCAGCCACAGCAAGUAUUCAGGGGAGUCAUUUCCAGGAGUUUCUAACGCUCUGUUUGAUAUUGAAAGGAAAGUGGACCCAUGCGAGGCUAAGGGAGAAGUGAAGAGAAAGCUUUGUUGCAACCUUCACUGUGCAGGCAGCUUCAGAGGCUUUGAAACAAGAAGCCUAAGAGGAUUCCUUAG
lnc-ECI2-71,-7653.8,210.12,,GAGCAAACCUCUGCUAAAGUAGACACAGAGAUCAGAAGCAACGAAGUCAAAGCUGCUUCCCACCAAGCUGUGUGGUCCCAGAUCAAUAAAUGUCCACAGGACAAAAGCAGUGCCAACUGUGGGGCUCACCUUCCUGGAUUCCUGUCUUCUUCCUAGAUCUUGGUCCGAUGAAUUAUGUAUCUGAAAUGGCUGGCAACCUCAGC
lnc-EFTUD2-12,-7209.42,211.95,,CGGGGCGUGCGGAGGGAUGUGGCCCGGAAUAUUGGUAGGGGGGGCCCGGGUGGCGUCAUGCAGGUACCCCGCGCUGGGGCCUCGCCUCGCCGCUCACUUUCCAGCGCAGCGGCCGCCGCAGCGGACACUCCAGAACGGCCUGGCCCUGCAGCGGUGCCUGCACGCGACGGCGACCCGGGCUCUCCCGCUCAUUCCCAUCGUGG
lnc-EGFR-11,-6989.01,221.74,,UAAUUAGCUCAUGUUUAUGCAGGCUGUCCAGGAAGCAUGAAGCUGACAUCUGCUUGGCUUUUGGAUAGUCCUCAGGAAACUUACAAUUAUGGUGGAAGCUGAAGGGUGAGUAGGCAUAUCAUAUGGCAAAAGCAGGAGCAUGAGUGGGAGACCAGCCUGGCCAACAUGGUGAAACCCUGUCUCUACUAAAAAUACCCCCCCCU
lnc-FAM110B-12,-6993.73,215.41,,AUGCUUUCAGUUUUCAAGAAAGAAGACACCAUUGUUGCCAAAGGUUUUGGUAAUUUGAGAGAUACAAACAGAACCUGCUAAGGCCAUCAAACCUAUUGAUCGGAAGUCAGUCCAUCAGAUAUGCUCUGGGCCAGUGGUACUGAGUCUAAGCACUGCAGUGAAGGAGUUAGUAGAAAACAGUCUGGAUGCUGGUGCCACUAAUA
lnc-FAM135A-14,-7232.33,215.56,,UACAAUGGUACAAUCUUGGCUCACUGCAACCUCUGCCUCCCAAGUUCAAGCGAUUCUCCUGCUUCAGCAUCCGGAGUAGCUGUGAUUACAAACGUGCCACUAUACCCGGAGCUUAUGGUCUUUUCUUAACAUUUCUUGAUGACGAGGAUGGGAUUUGAAGUGGCACCCUUGCUUUUUCCCAACACUAUCUGGACCAAUGCAUU
lnc-FAM217A-101,-7266.14,206.84,,GGUUGAACCAAACCCAUUCUAGUGAAAGGUUCUGUUGCGGGCUUUGAGUCUUCAGACAGGUGUCUGUUAAGAACUACUGAUGGGAAAAAGAAGGUUAGCAUUGUGGUGAGCUCCAAAGAAGUGAAUAAGUUCCGGAUGGCUUAUUCAAACCUACUGAGAACUAACAUGGAUGGGCUGAAGAAGAGGGACAAAAAGAACACAAG
lnc-FAM45A-31,-7169.87,211.47,,CCAAGAAUCAAAGUAAGAGACAGGGCUGGGUCCAUAUCUAGUUUUGUUUAACUCCAAAGCUCACAGCUUAACCACUCUGCUACAUGGAGACACAAGUCCACUAAGUUUAUAAUAAUUUUAGUUCCCACCCAGAUAAUUAUGGCAAUAAAAUCUGGGUCAUCAUCAUCAUAGCCACUAUAGUUUACUGUUCAAAACUCUCUUAU
lnc-FAS-21,-6799.22,210.51,,AUCUGAUAAAUAUUAAUUUGAACCAUCAUAAUGUAUUUGAAAAUUCCAGCUAAAAUGUCACCACAUGGAACAUUAAUGUAAUAUUUCAAGGCCCUGAGAGCAAUACUCAUAUUGAUUGCAUUUAUUUCACUCUAGGGAGGAGAGAUAAUUCUUCAAUGUGGGACACAUCUGGGAGCCAAGGAGGCAGAGGCUGAGGGGAGAAA
lnc-FBXW11-11,-6895.32,215.61,,AAAAAAGAAAAGAAAAAAGAAAGCGAGAAAGGAAAUCAAGUGAAAUGACAAACUACUUACUGGGAGAAAGUUUUUGUAACCUCAGUGACAGAUAAAAGCGUUUCUCACCUCUGGAGGACUCAGCAUUCAAGGUGCCAUCUUGGAAGCAGAGAGCAGCCCUCACUAGACUACAAACCUGCUGGCGCUUUGAUCUUGGACUUCCC
lnc-FER-161,-6718.96,199.14,,UCGGAGUUGGAGCUUGGCCGGAAGUGGGACCGGUGCCUGGCGGAUGUGGUCGUGAAGAUAGGCACUGGUUUUGGAUUAGGAAUUGUCUUCUCACCUUCUUUAAAAGAAGAAUGUGGCCAUUAGCCUUCCGUUCUGGCAUGGGAUUAGGAAUGGCUUACUCCAACUGUCACAUGAUUUCCAGGCUCCAUAUCUUCUACACGGAA
lnc-FGA-11,-7204.19,207.58,,CACAGUACCAUGGAUGUGGUAGGCGAAAAUGAGGCCCUGCAGCAGUUCUUUGAAGGCAGCUGAACUGAAGCUGAUAUUCUUGAUCUGCAGUCCAGUGCUCUACCUCUGAGCUAUACCCUCUCCUUGAAUCUGAUAUUCUAAUGAGAAGAACCAGUUGUUUCAUGUCAUGCUCCUAUUGAUAUGUUAACUGUUUCUAAUCAAAC
lnc-FGF9-21,-7015.29,207.53,,GGGAAGAAUGAAGCUGUGGCUGUCAAAAAUGCCUGGUGGACCUAGCGGAUGACACCUAGACAGCAUGUUUGCUGCUGUCCUCUAUGCUGACCAAGCCUCUCCUCUGCAGAUGAAAACCCCUCCGGAUCAGAGCUAGCUCUAAACAGCACCUUGUCGGUUGAGAUUUUGAGCAACAGGGUCCUGCAAGGUGGGCAUAUUUGGCA
lnc-FLT1-21,-6965.43,210.38,,CCUCCAGCCUUUUACAACCACAUCACUCCAUGGGCUUGCCAACAUUGGGCAGAGUCUCCUGCUGGCUGAAACUCUCUCACCACAAAGGAUUUCAUUUUAUGUCAGCAGUUUCAUAGGCUGAGGGAGUGAUAGAGAUAAGAGAAACAUGAAGAGAAUAUGCCACAAUGACUAAACUCAAGAUAGAUUUGGGGCAGAGAUGUAGA
lnc-FNBP1L-16,-6797.19,167.15,,UUCUUUCCGGAGGCCAUUGAGUUCAUUGUGAGGCCUUGUCCCAGAACUGCGGGGUGCUCGUCCACUGCUUGGCGGGGGUCAGCCGUUCUGUCACCGUCACUGUGGCCUACCUCAUGCAGAAGCUCCACCUCUCUCUCAACGAUGCCUAUGACCUGGUCAAGAGGAAGAAGUCUAACAUCUCCCCCAACUUCAACUUCAUGGGG
lnc-FOXD4L5-411,-7020.4,217.2,,AAACAAUUCAGGGCUUCAAUAAGCAGAGUACAAUCUAUUUAGUGACUGCAAUGUGGAAAUCUCUAAUGUCAGCAAGACUGUGUUGAGAGGAACACAUUUUCUUGGAAGAAUGGAGACAAGAUGAUUCCAACUUAAAGGAAACUGGAAGUAUUCUGAGGAAACAAAUAGAGAAGGUCUGUGACCCAUGUUUUGGUGAAGUAAUG
lnc-FRG1-123,-6746.12,222.74,,CAGCCACUGAGCUAUAGAGAUCCACACUUCAUCCCUCUUACAACUGCCACUGGGGCCACCCUCUCCUUUCUGCUUUAUUACGUCUGAAAUGCACUUCAUAUGAUAACAUUCCUUUUCAUUCUGUACUGGACUCUCAUUUGAAAGGAAGAAGUUUUUGACAUUUAACGAUUUUAUUAACAUCUUUGCUUCUUAUGCACCUUAAA
lnc-FZD1-51,-7429.71,252.38,,GCCAAGGUGACAGGAAACUCAGAAGAGGACAGCAGCUCGUGGAGAACCACCUUGAGAGUGUCACCAUUGCUGUUUUACAGUGUCACACACAGCAGUCUCACACGACCAGAGAAAGCUUUCCAGUGUGUAAGUGAUUGUCCUGGGAGAAAGCAGAAGUUGAAAGAAACACACCUUUUAUAAAUUGCUCCAGCCAAAAUAACAGC
lnc-GABARAPL2-51,-7252.24,210.19,,CCGGGCCGAAGUCCGGUGGAUGAAGGGCGGAAGUAGAGUGUCUAAUCCUGCAGUCAUGGCGCAGGAAGAGGAAGAUGUUAGAGAUUACAAUUUGACUGAAGAACAGAAGGCGAUCAAGGCCAAGUAUCCGCCAGUCAAUAGGAAGUACGAGAUUUGGAUCAUACAGCAGAUGUCCGUUACACGCAUGGGGAGAUACUCUGGAG
lnc-GAS6-21,-7557.41,209.17,,AGCUCAUCUUCAUCCUUCAACACUCAGCUUCAACGUCACCAUCUCCAGGAAGACUAUGCAGAUAUAUCCAGGUUUGCAUGAACAGAGAAGAAGAGGGGUGGUGAGCAAAGAAAUGAGCUCCAUCUCUAUCUGUAGACUCUGACCCUGGCUGAUUCCUUUGUGCACUGUGACAAAUGGAGACACAGAAGAUGGAAAACCACAUU
lnc-GATA6-21,-7182.63,174.5,,GAACUGAAGACUUCAUGUGUGUGCCUUAUCUUAUUUAAUCCUCGCAAUGACUCUAUAAGGUAAUAGGAACAACCUGAGAUUUUUGAAGACUUGUGUGAAACACUAACGAAGAACUUGCAGCCUCUGAAAAGAACUAUAGAAGAGCAUUGUGGGCCCAGAUUCUCAGCAGAUAUUGUUGAACAAAACAGAAUUUUAUCCACUUG
lnc-GCA-31,-6983.44,202.81,,AGAAUAGAUUUAUAAAUGAAUGAGUAGUUAAACCAAGGUCAAACAGCUGGUAUCAGGAGAAGAAUUAGGGGAAAUUAGUGUUUGAUUCUAGCUUUGUCUAAUUGCAAAGCCUGAACUGGAGGCCUGUGGAUACUGAAAACAAAACAAUGAAAGAACAAGACCUCUGAUAGAUUUCAUGGGCUUCUUGGAGGACCAACGUCAGU
lnc-GLI3-11,-6846.8,126.58,,AAAGAGAAAUCGUAUGAAUGUGAAGAAUGUGGGAAAGAGUUUAGGCAUAUCUCAUCCCUUAUUGCACAUCAGAGAAUGCACACUGGAGAAAAACCAUAUGAAUGCCACCAGUGUGGUAAAGCCUUCAGCCAGCGUGCACACCUUACUAUACAUCAGAGAAUUCAUACUGGAGAGAAACCCUAUAAGUGUGAUGACUGUGGGAA
lnc-GLRX3-33,-7137.66,218.72,,UUUCCAGCAGUAGUCAGCCAUCCGGACAGAACCGUUCCUGUGAUGGUGUUACACUGCUGGGAGAGGAAUGUCUUGUCUUCAUCCGGUUGCCUGCGCCACUGUUCUGGUGGCGUCUGGCACUGGUGCAAGACAGAGCUGUGCUUCCCCGAGAGUGUGCUAAGCAUUCACUUUGGCUGCUUAGUUCUAGUCUGGGAGCAGACAGAG
lnc-GPR27-141,-6934.74,212.71,,CUGGGAGUGGAGGUGGGCCAGGCUGCCAGAGGGAGGCUUUGGGUGGUGCCCUUAAGAGUCUCCUUCAUGAGCUGUUUUGCACUGUGAGGUAAUACACCCAGCACCCAGAUCAAGAAAUGGAACAUAACCAGCACCCCAGAACCCUACCCUAAAAAUGUAAUUUAAAAAAAAAGAUUUUAAUAAAUAUCUUUUAGCGUGCCCUUU
lnc-GRIK2-41,-7079.43,200.92,,CGCAGUGGCUCACGCCUGUAAUCUCAACACUUUGGGAGGCCAAGGAGAAGAGCAAGUAAAAUGUUGAACAAGAAGACAGAAGUGUCUUCUUGCAGUUCCUGUAAGAAGGCAGAAGUAUUUGCAGAGGGGAGAAUGUGGAAGAAAUAGAGAAUAAUUAUCUCUUACCAAAUGUAAUGGCUUUUGUUGUGUUUUUUCUUUUCUAAU
lnc-GTF2H2-51,-7065.4,209.8,,CCCUCUGAUGAAGUACCUCAAAAGCUAAGCUCCCAUCAAUCCUGGAGAGAUAGAAUCAGCAGAGCAUAGUGGCAGAAUGAAUGGUUUAAAAGGAACAGCAGCGACCAAAGAACUUUUUAUGCAGAGAAACCCCAAAUCUGGGGCAAAGCCCUCCUGUUCAUUUUAUCUCACACAAGACCAAGUGACCCCAGCUGCAGCCGGAGU
lnc-GUCA1C-11,-7128.29,213.29,,UGUCCUGGGGGAAUAAUUAUGUUCCCUGUCUUGGGAGCCUUUCUUCAGGGAGCUUGAUGGUUCCAACCCACCCAGGAGCCUGGGACAUCUGUGCCCCUGGGCAAUCCCCUGCAGUUUCCUGAUUCCAAGAUGAGGGGGUAGAAUCCGAAGAUCUCCAAGGCCUUGAUGAGUGCUACCAGUCUGCAAAUUCCCAAGCCAAGUUCU
lnc-GUCA1C-31,-6861.25,235.14,,AGGGGUAAGAAUGCAGCAGUGAACAUGGUUCCUGCACUCAUGAAGCAAAUGUAUCCACUGUGGUACAAAAGAGACUGUAAAAAACAAACCCAAAUGGACAACAGGAGAGACCAUGUGGAGAGAAGGAGAGUUAGAGAGAGGAGGAGCCCCUGCUGUUUGAGUAUUCUCAGCCCAGACACCAGACAUGAGUGAGGAAGCAUUCAG
lnc-HDAC4-61,-7248.02,231.42,,GUUAACUAGAGCCUAUCCUACUGGGGUAGUAUCAAAGCCUAACAGACCAGGGGACAGAAAUAUCAAAUUCCGGUAACUUUUAGACUUCCAUGUGUGAGAAAGGAGCUACUCAACUCCAGCCCACUCUAGUCAUUCUGUCCCACCUAAAGAAAAGAAGAAGAAAAAGAGAAAGAAACAAGAAAUAUUUGAAAUGUAGAAUUCCGU
lnc-HIST1H2BF-11,-7172.37,160.39,,AGAAUAACUAAGGAAAAGUGGUUAACACCAGGGAAGCUCUCUACAGAAAAUAGGGACUUUGGAAUGUAAUUGCCACAGAGUUGAAUAUUCCUCCUUAGAACAGAGCUUGGUGGGUUUCCUGAUUCCAAGAUGAGGGGGUAGAAUCCGAAGAUCUCCAAGGCCUUGAUGAGUGCUACCAGUCUGCAAAUUCCCAAGCCAAGUUCU
lnc-IKZF1-61,-7301.33,184.83,,AAAAGCUAUGAGAAAUAAUGUGCCCAGGGACCGUGGAGACACAGCCAUGGAAGUUGGAAUCUAUGCAAAUAUCCUUGAAAAACAAGCAAAGGAGGAAUCUGUGCCAGAAGUGGGAUCCAGGCCGUGUGUUUCCACAGCCCAAGAUGAGGCCAAACACUCCCAGGAGCUACAGUAUGCCACCCCCGUGUUCCAGGAGGUGGCACC
lnc-IL12RB2-61,-7224.4,210.87,,ACAUCUCCUUGUACCUGUUAUUCUCCAAAUCAGUAUGUCCUAGCCAUACCAGCCUUCUUUCUGUUCUUAAAAUACUCCAGUCUCCCAACUCAGAUCCGGUGCCACACUUACCUCAACUUAGAACAUGGCUUUGCUUCUGGUAUGAAAUGGCUUGCUCCUUAUCCUUUAUCCGUCCACAAAAAUACAGUCUCUUCAUAAUCUAGU
lnc-IL13RA2-51,-7503.45,167.03,,GAAGACCUCAGAAAACCUGAUCAACAUGAAAUAUGGACAGUAAGCAAGCCUGGAUCUGAGAGAGAUAUCAUCUUGCAAGGAUGCCUGCUUUACAAACAUCCUUGAAACAACAAUCCAGAAAAAAAAAGGUGUUGCUGUCUUUGCUCAGAAGACACACAGAUACGUGACAGAACCAUGGAGAAUUGCCUCCCAACACUGUUCAGC
lnc-INO80-21,-6833.89,199.19,,GAGGAACCCAACACCCGCCUGGACAGGGCCUCACCCCCAAAGCUGCAUCUUCUAGCCCCCUCACCCCAAAGCCACACCUUCCAGCCCUGCUCGUGCUGGCACCCAUCCACUGCCUCACCCACCUGAGAGAUCUCAUCUUUACACACAUGCACACUCAACACACAGGUGCACACACACAGGUGCACACACACUCAGACACAGGUG
lnc-ISL2-21,-7107.91,207.5,,ACCUCCGCCUCCCAGGACCUCUGCCUCCCAGGUUCAAGUGAUUCUCCUGCCUCAGCCUCCCAAGUAGCUGGGACUACAGACAUGCACCACCACAUCCAGCUAAUUUCACACUGUGGUCUCAUCGGAGGAUUUGCCCAACAAAGGGCAGCAUGCAGAUGUAGUACCCUUGAGAUCCAUGUGGUUGGUGUCCCAAGGGAGACUUCU
lnc-KCNA6-11,-7185.91,236.2,,CUCAACUUGUCUUUCAGUAGUAACAGGAUCUUCUACACUGUAGCUGCUUCCAGUGUGAGCCAGACAAAUGUACUGAAUAUAGGCCUCAGAGGUGAUCCCACCACCUUCACAGCAAUGGUCCUUCCCCAGGAGCUUCCCCUGAGAAACGGGCCAUCCAGACCAUACUGCUGCUGAAUAAUGUCUCAUUGGAAAUCUCAACAUUCU
lnc-KCNC2-28,-7468.27,208.62,,CCUUUUAGAAAACGUGGAGUUAUUCCUUUGGCCACAUACAUGUGAAUCUACAAGAAAGGUGAUAUUGUAGACAUCAAGGGUAUGGGUACUAUUCAAAAAUUUCAAACAGGAGUGUCCCACAAUGUUACUCUGGCAAAACUGGAAGAGUCUAUCAACAGUGUUACCCAUGUUACCCAGCAUGCUGUUGACAUUGUUGUAAACAAC
lnc-KCNJ12-101,-7271.52,215.52,,AUGUCCGUGUGAGGGUUCAAGGCCAAGCUGAAGUUGUUGGCCUCUAUCUUCCACAAGAACCAGGAGCCGCCGCCGCAGCUCACGCUCCACUGCAACAUCACGGAAUCCUAUUCAUCUUCUUCACCGAUAUGGUCUGUGGACUCUGAUGAGCCAAAUCUGACAUCAGUUCUGGAACGUCUAGAAGAUACUAAGGAGAACAGUUCG
lnc-KCNJ6-71,-7230.33,139.7,,CUGUUCAUCUGUUGAUGGAUAUUUAGGUUGUUUCCAUAUCUUUUUUUUUUUUUUUAAUUUCUUUGAAUUCUGGUUCUACCAGUCUUGGCGUCUCUGUGUCUCAGUUUUGUUAUGUGUAGAAUGGAGAUAACACUGCUCAGGAACGAUCAAUAUUAGGAUUCCAUGAGGAAAUUUAGAUAGCACUAACCACAUAUAGCACUCAAC
lnc-KDM4C-41,-6942.66,250.84,,UGGGCUAUGUGUCCUUUAUCUUCUAGUACUCUAGCCCCUCUUUCCGAGACAUUUGGUAACGUUCCAGUAACAAAAUGAAAUCACAUGCCAGAACCCAGAAUUAGAAGAGGACACCACACAAAAUUACAUGGCAAGGGUAUGAAUAAGUUAAUUAUUUGUGGCCAUAUUUCAACGGCAACGUGAUAUGGUGGGUAUGAGUUAUGA
lnc-KHSRP-12,-6542.92,205.69,,CACCACGCCCAGCCUAGGUCCCUGUUUUUCAGCAGGGAACACAGAGUCCCAGAGAGCACAGGUUUCCCCCACCCCACAGAGGGACUCUCUUCGCUGCCUCCGUCACCUCCAAAAGCACAAAACUUAACUUCACUUCGAUUAACCAAAAACCAAACUCACAGACAUAAAAGUGGAGGGUUGGCCCGGUGCAGUGGCUAAUGCCUG
lnc-KIF18A-21,-6976.98,208.16,,CGCUUUGGAGGAAGCCAGCUGCCAUGUUUUGAGGACACUAAGGCACUUUACGGAGAGGCCCACGUGAGAUGAAGAAGUUUCUCUUUUCUGUGCAUGAAGAAGACAAUGGGAUAUGGAUGACACUAAACCUUUGAAAGUUCCUGCUAACCUCCAGGUGGAAGGAAAGGGCCCACGGUGAUCAAUAAAUGUGUUUGCUAUUUUUUG
lnc-KIF18A-41,-7200.04,231.8,,GUGAAGUUGACAGCAGGAUUGCAGAAGUGGGAGGACCCAAGAAAUACUGACGAACCAGCAGAGUAGAAGAGUGUCUGCUUUCCCAUAAUCUUCCAUCACAGGGAAUUCAUUUCAGUUUUUAACCUUCACCAAUUUGAUGGCCAAGAAUGGAACUUACUGUGUGAUACUGGUACAGUUGAAUUUAAACUCUUAUGUUUAUUUUCC
lnc-KITLG-12,-7015.32,215.12,,UUGGAGCAGAGCUGAGAUCAAUUCCUGGAUAUCCUUGUUAACUUUCUGUCUCUUUCUAUUUCUGUGGGAUCAGUGGUGAUAUUCCCUUCAUCAUUUUUAUUAUUUCUACUUGAUUCUUCUCUCUUUUCUUCUUUAUUAGUCUGCCUAGCGUUCUAUUUUAUUAAAAUUUUCAAAAUACCUUCUUUUGGAUUCAUUGAUUUUUAA
lnc-KLF6-31,-7040.81,179.1,,AUGAUGGUUCCAGCGCAGGACCCGCAGAAGCCGCGCUCUCAGCCGGAAUUGCCUCAGAUGUUCCAGGCAGAAGCCCAGGAGGCCUCCAGGAACCGCCAGACCGGCAGGAGGAACGUCGAGGUCCAAGGCACAAGUCAGAGGUUCCUGGUCUGCAGGGGCCCAAGGCCUGCGUCACUACGGAGGGCCCCCCGUCCCCAUUCCUAG
lnc-KLK3-12,-6794.84,191.19,,GCAGGGGUUAGCAGCUGGGGUAUAGGAGGAUCAGUUGUGGCUAUAAAAAAAUGUGGCAUGAGGAAUACUUGUGGUGACUGAAGUUCUACAUCUUGAAUGUAGUGGAGGUAACAUGAAUCUACACAUGAUACAACUGUAUUGAACUAAAUGCACACACACACAAAUGCAUGUUAAACCUGUGAAUUCUACAUAAGGUCACUAGAU
lnc-KRTAP5-11-41,-6791.77,215.56,,UUAAUCUAUUCUUUACCGAGUGUCAUGUACUGCCUAGGUAUCAGUGAUAUAACUGUUAUCCUGCUAUCAAAUCUACUGAUAAGUGGCUCAUUUAACUUAUAUGCACUCAUCACAAUGCAAGAAAUCCUCUGACUGCUCCUACCAUCAUGACCCCUAGCCAUGAUAUGACUUGUCUCCACACUAGCAGAAACUAAUCGAGUCCCU
lnc-KRTAP9-7-21,-7064.57,201.71,,GGCUGAGAGCAUGUACCAGAUCAAGCAUGAGGAGCUGCAGACGCUGGCUGGGAAGCACAGGGAUGACCCGCCCCUCGCCCUCAGCCCACCCGUAGGGGAGUUUACUGCCUGGGGUACCCCUCUUGCCCAUGCCCCCAGCUACAAAACAAUUCAAUUUUUUUUUUUUUUUUCAAAAUAAAACCUCAGCUGGCUCUGAAAAAAAAA
lnc-LAMP5-21,-6913.11,212.5,,AUAUCUGGUUCCCCCAGCCUUGCUGCUAUAAAGAAAGGGCUUCAACAGCUCUGGCUGAAGGCUGGGCUCAACUUCAUCAAAGUAUCCCAGGGAUCUUCAAACUUGAAACAAUUCUGUCUGCAGAAUGUUCCACAUGACUUCCUGCUGACUGGGGUAUCUUCGAGUACAAAACUCUCCAGACUCCAGAACGUCUGUUCCCUUUUG
lnc-LBR-13,-6770.43,192.86,,AAAACUCAAAAGACAUGGGUUUUAAAAUCCAACAUCCUUCACUUGGGAUGCUGUCAGUUUCCCACCAUGUCAACAGCUCACUUCCUCCCUCAGUCUGUUCACGUCGUAGCCAGAGUGAUCCUUUUUAAAUGUCUUAUCAUGUUACUCUUCUGCUGAAAAUCCUCCUGCAGCUUCCUUUUUCUUUUGAGACAGAGUCUUGCUCUG
lnc-LEMD3-21,-6899.98,236.55,,UAAAAGUUCAAAGUUUUAAUCCAAAUUUAGACAGUGUUGAGAAAACCAAACUUUGGCCAUAGAAACCAUUCCCCUCCCGGGCCCGCAAUGGGGACCAGACCACGCCCCCUGAUGCCCUGAGUGGUCCCAGAUCUCCGGCGGUACCUCCAGACCACGUCCUCGCGCUCCGAUUGGCUGCCGCUUUUGGGCGGAUUAGAAGCUGGA
lnc-LMNB1-21,-6915.46,202.78,,CUAGGUGGGUGCUGGUCCAGUAAGAUGUCACAAUCCUUCUUGUGGGCAGGACAAUGGAAGAAGAGUCAAAUCACCAGGAUGCCGAUUUUAGUGAUUUAUCAAGAUUCCCCCUGUUAACAGGGAUUAGGAAGAACCCAGGAAGAAGAGUAACAUCAUCUGGAUGUUGGGCCCUGCAAUAGGUCAAAAUUUCUUUGUGUGGGCUUG
lnc-LONRF1-91,-6704.13,150.4,,AGUCGCCAUUCCCCAUUUUACAGCUGGGGAAACUGAGUUACAGAGCUUUUCUGCACUGAGUCAUCAGGAGCAAAUGCUAGAUCAGAUAGAGUCUCUCUCUCUGCCACCCAGGCCAGAGUGCAGUUGACGCAGGGCAGGGGAGCCCCGAAGUGGAGCAUAGUGUGUCCGGAACUGGUGGGUUCUUGGUCUCCCUGACUUCAAGAA
lnc-LRRC75A-51,-7308.82,207.5,,GAAGUGUGUAAAUCAGAGCCUGGAACUUACUGUGUCUCUGUUUGAUUGAGCCUGGGCAUGAGAUAAAACACGAGGUCAUCUGCAAUGGCACUGGUGCUGUGGCUGUAUCAGCAUGGCUCUGAUGUCCCUUCGGGGCAGGCAACAGUUCAGGGAGGACUUACAAGCAAGCUCUGGUAAGUGGUAAGUGGGGCUGCACCCAGGAAG
lnc-MAB21L2-61,-7282.98,167.93,,CUUACAUGAAGACAAAAGUGCUGACUGCAUAUUUUCAGAAUUUCAGUCACCAUCAACUUCUCCUGACCUGAGAGCUUGUUGGUUUCAGGACCGUGGGAGACAUGAGGAAUGGAUCUGGAUGCGACUUGCAGAUUGAAGCCAAUCCCAGCUGAGCAUAAUGCAAAUCAGUUGUCCCUCAGCUAACUCAUGCACAUAAACGAAUUC
lnc-MAD1L1-51,-6929.75,210.48,,AGAACAGAGUCUCAGUGAAGAUCAUGUUUCCCCAGCAACACAGGUGCCAGGAGUAGCUGGCUCUGGUCCCAGCCCAGACUCAGAAAUCCUGAGCCACCAGACCAUUUCUAGAUUAACAAAGGCCUGCAUUAAUUUGAUUUCAGUGACCCACUGGAAACCAGUGUCAGCAUAACAACAGUUACGAGAGCUAAACCUACAAAAUAG
lnc-MCCC1-11,-7031.31,158.81,,AACUUGGAGGCAGAGACCCAAGCAGCUGGAGGCUCUGUGUGUGGUCGCUGAUUUCUUGGAGCCUGAAAAGAAGGUAACUGGGCAUAUGAGGGACAGAUGGAGUGAGUCAGUGGAGCAGCGACUGGACCCAGAGCCAUGUGGCUGUGCCCUCUGGCCCUCACCCUCAUCUUGAUGGCAGCCUCUGGUGCUGCGUGCGAAGUGAAG
lnc-MED13L-71,-7270.54,209.61,,AUUCUGAAGAAAUUGCGAAGGCUAUUAAUUUUUACAAACCAACAAAACUUAGAGAGUAACCUCACCAACCUUAUUAAGAGGAACACAGAACUGGAGACCCUUUUGGCUAAACUCAUCCAAACCUGUCAACAUGUUGACUGGAAUGUUCUGUACUGUUUCCCAGAGUUGCCCAAUGGGGUUAAUCUCCAGUUGCCCAAGGUGGUC
lnc-MIER3-51,-6862.47,234.65,,UAGCAGAGCACAGUUGUACGUGCCUAUAGUUCCAGCUACUCGGGAGGCUGAGGAGGAAGGAACAAGGAAGGGAUGGCAGCAGGGAAAGGGUUGAAAGCAGGGCAAGUUAGAGAAAGGUGUACAUCUUCUAUCACAGGGUAGGUGCACAGUAAGUAUUUGUUGAAUGAAUAAGUGAAGAUUGUAGUGGAUGCUGUAGUGUGCCAC
lnc-MMP16-21,-6684.02,202.34,,AAUCAACAAGCUCAUUUCCUGAAGUGGAACAUGGAGUUCCUGACUCCACUAAUGGGAGUCAGGUAAUGGCGCGAGGGUUAUGAGUCAAAGCUGGCUUUCUCCAGGAUCCUGGGCAGCCCCCUAACUUCUCUGAGCCACAGUCUCCUCGUUUCACUACCAUGAAGGACCUUGUCCACCCAGAACUUCCAGGGACCACAUUUCAGG
lnc-MRPL39-32,-7341.69,161.73,,UAUUUAUUAUUUCCUUCAAUUUUCAGCAUCUUUUGCAUUUAGUCGCCACGGGAUUUUUUGCUGUCAAGUGCAUUCUCUAUAUUUGAGAAUAUCCAGUUCUGUCCUGGAAAAGGAAAAUGAAUAGGAUAACUCACGUGCUAAGCAGAGCUCUCUCUCCACCCCUUUUGUGUCCAGAAUUGGUGGGUUCUUGGACUCACUGACUUC
lnc-MTX3-31,-7355.74,207.72,,CUUCUACCAAAGAAAUACCCUUCUUGAAUGUGUCCAGUGAUGUAUUCAUUUCCCCAAGAGUAUUAUCCCAUUGUUUGCCCAUGAAUGCUAGCAUCAUCAAGUAGAACUCUGUUUCUCUGUCUACUCUGUCCAUUAAGAGAAAGGGAAGGAAGGGAAUGGUGUUCACUUACUGAGCACCGUUUGUGUACCAGACACAUGUGAGAG
lnc-MUC20-11,-6889.23,230.71,,CAAGUCUGAACCACACGUAGACUAUCAUAGCAAGAUGGCUACAGAAGUUCUGGAAAUAUACCAGACGUGGCAAUGCUGCAGAGGAAGGAGGGAGAAUAUGCCUUUCUGCAGAUCUUUCUUGGAGGAGAGGCAAGUUUCUCCAAAAUUACUCAGAUGAUUUCCCCUCAUGUGUCUCUGGCUGGAAUUAGGUCACAUGGCCAUUCC
lnc-MYOC-61,-7114.51,198.64,,CAUCACAGUAAGUGGCAACUCCAGUCAUCUCAGUUGCUGCUCAGGUCAGAAACCCUGAAGUCACCCUUCACUCCACGCAAUCUCAUCUCUUCCCUUAGAAUGUGCAACCACUUCUCUCAUGUCUGCCACCAUCCUAUACCAAGCCAUCAGCGUCUCUUGCUUGGGUUUACUUCAAUGAACAUACCCACUGGUCUCCCACCCUUG
lnc-NAALADL2-141,-7225.65,207.92,,GUUGUGUUGACCCACCUGGGAACACUGCUGGUUCCAGAAUGCCAAGCUCCAAAAUGUAAAAUUAACAAGGAAUUGUUCACCUGAUGAAAAGGAACAUGGAGAGAUGGUUCUUGAAUCUGAAUAGGAGGAGAUCGUGCCUGGACACACUAGGAAGAAUCUUCUGCAUUGAUUUGAUUAAAAAACAACUAUGUAAAUACCUCUUUU
lnc-NDC80-31,-6671.32,228.38,,CCAGAAUUUGGAAGCUUAUCAGACACAGGGGCCAGGAACAGAAGCCUCCCACAAGCCCAGAAGGACAUACUUAAUGCACAGCACUGAUUGCUACAGGGACCAAGAUGGGGACUUACAGGUGUGGGAAAACUGUAUGCAAAAACAAAACCCAAAAAGGACCUGAAUUUCUGCCCCUGUUAUAGUGUGAUGUAGCAGACAGACCUG
lnc-NEGR1-61,-6964.27,161.66,,CUUGGACAGUUUCUCAUUGCUGGGUCUCCACUCCUAGCUGUUACUGCAAGUCCAUGCCUCUACCAUGAGGGUGGAGGAGUUAAGAUCAACAGAUCCACAUGUACCUUGAGGUGACAGACUGGCUCUGCCGCCCCCAGCUGCUCAACUUAUCCGCCGCCGCUCGUGCCCGCUUCCAGCCUGCGUAGACCCGGCCGUGGUCGUCCG
lnc-NENF-42,-7372.97,157.09,,AGUUUCCAGCCUGCCCUACCAAUUGUAGCCUUGCCAGCCUCCACAAUCACAUGAACUAAUUUCUUUUUUUUUUUUUUUAGACGGAGUCUCACUCUGUCGCCCAGGCUGGAGUGUUGUGGACUAUUCCCAAGAGCCUGUUUCUCAGUACAACGACUGUGUUCUUGUUCCCCGCACAUGCUACCUCACCCUCCUCUGCCUGUAGAU
lnc-NIFK-71,-6951.36,181.76,,GCAGCUUUUCCACUGUCCUGAAACAAGAUAGAGAAUCUGAGCGGCCAGUCAUCUGCCCUAAGUGCUGCCGCCGAAGACUGAAUGUCCUGGAAAGUUUGCUGUCACAUCUCCAUUAUGACAAAAGCAUUGUGCCGAACAGAUGAAAAAAUGCAUUGUCAACGGAAUCUUUUAUGUUUGUUUGUCUUCCUUUAAGCAACAUUGCCU
lnc-NMNAT1-21,-6858.45,211.85,,UGUUUUUGUACUUAGGGUCACCAAGGAAGCCAGAGUGGAGGCUGCAGGGAAUAUGGAUUUAAAUGAAUUUUGGCUGUACCAUCAAGCAGUCUGAUCACUGAGGAAAUAUCAAAAGCUUCACCCGAGUGACUCAUCACCCAAAUUCAACAGAGAGUGAAGAGAAAUGUGCUUUCUGCUGAUAUUGUGCCCAAGGAGGAGUUGUAG
lnc-NPIPA7-11,-7207.53,214.32,,CCAACAAUAGAGGCCCAUUAACGUUUGGCCCUUCAAGUUACUGCAGCCCAAGCCUCAGUGGCAGGACGUCUGCCCAAUAUGUAAAAUAACGGAAUGAAUGGAUUCCUUGGAAACAAUGAUAACAAGACCUGGCUGAGCUAACUGUGACAGCAUGUGGUAAUUUUCCAGCCCGCUGGCCCUGUAAAGGAAACUGGAACACAAAGC
lnc-NRG3-11,-6832.86,212.56,,AGGGAGAAUGAUUGGUGAAGGCUUCUAUUUGGUCAACUUGCUCUGUCUUUAUAGCCAAUUUAUAUUGAUAAGAGUUUCUCUCUAGAUACCAUUUGCGGUAUUCCUGAGUCAGAAGAGAGGAAAGGGAGUCGUCUCUCAAGAGGACUUGAUCUCUGGCCUGUGAACUGCCCCACAUGUUUCUUCUGCACAUCCUGACUCCCAGGC
lnc-NRSN2-12,-6617.37,170.61,,AAGUGAAGUCAAAGUUAUCCAAAGAAUAUCACUUUAUUAAAAUGAAAACAUCAAGACACCAUAUUGUGGGAAAUUAUUUCAGCAAUCAAAGUAAACUACAACAACAGGACUCAAACAAAUUUUCAAUCAUGGUAUCACGUCAGAGGCCCAAUAAAUCAGGUUUGUUUUGAAAUCCUUCUCAGCAGGAUGUGUGCGAGUAAAAGG
lnc-NTSR2-56,-7184.76,126.08,,GCGGCGGCAGCCCUGUCUGGCUUGGCGGUUCGGCUGUCGCGCUCGGCGGCGGCCCGAGGCUCAUACGGCGCCUUCUGCAAGGGGCUCACGCGCACGCUGCUCACCUUCUUCGACCUGGCCUGGCGGCUGCGCAUGAACUUCCCCUACUUCUACAUCGUGGCCUCGGUGAUGCUCAACGUCCGCCUGCAAGUGCGGAUCGAGUGA
lnc-NUDCD2-25,-6866.9,217.03,,AAAACUUAUGUUGAAUUCAUAGGUUAGCCAUUAUACACAGUACUGCAAUGAACAUGGGAGUGUAAACAUCUCUUUGACACACUGAUUUCAAAUCUUUCAGGUGAUUUGUUGGACACACCAAUGCUCCUGACACAUGCUAUUCACUUGGAGCAGCUCCUCUUAUGUGGCACAUUCACAGUGCAACGGUAAGUCAUUUCACCAUCU
lnc-NUF2-71,-7554.88,198.94,,CUCCCAGACUGGUUCUUUAACAUAGAGAAGCAUGCAAAGGAUAGGAAAUAUAGCCAGGUCCUAGACAAUGGUCUGGACAACAAGUUCCACGAGGACCUGGAGCAACUAAAGGAGAUUCAGGCCCACAGAGGGCUGUGCCACUUCUGGGGCCUUUGUGUCCAGAGCCAGCACGCCAAGACCACUGGCAGCUGGGGCAAUACUGUG
lnc-OPHN1-41,-6838.63,253.46,,AUGUUGGCUUCCUCCAGCGUCGCAGCUAUGAAGAAAGUGGUUCAACAGCUCAGGCUGGAGGCUGAACUCAACCGUGUUAAAGUUUCCCAGGCAGCUGCAGACUUUAAACAAUUGUCUGCAGAAUGCUCAACAUGACCCUCUACUGACUGGAAUAUCUUCAAAUACAAAUCCUUUCAGACCCAGAAAUUCUAUUCCUUUUUGUAG
lnc-PCID2-11,-6954.83,210.84,,CUUGAAUCUGCUCCUGGUUUGGGAAUGUUUGUGACUAUUACAACUUACAAUGAUGAGCGGAUCCACUUAGAUAUUCGAGUUGGAGAACACGACCUUGAUGCGGCCAUUGCUCAAGCAAAGGACAAAGUUAAUGAACUUACCUUCAAGCUUGAACAUCUAAUUGAACAAAUUGAGCAAAUAGUCAAAGAACAAAACUAUCAAAGG
lnc-PDE7A-63,-7254.44,198.48,,GCCUGGGGUAGGGCCAGGAUAAGCGUCGUUGGGGCAGGUGCUGGGUAGAGUCCAGGUUGGCGGGUCCUGGGGCGGGGUCAGCAUAGGGCGAUCCUGGAAGCUGGUCUUCGGAAGCGUCCAGGCCAGAGUGCAGUUGACGCAGGGCAGGGGAGCCCCGAAGUGGAGCAUAGUGUGUCCGGAACUGGUGGGUUCUUGGUCUCCCUG
lnc-PEG3-11,-7522.12,146.21,,GUCCACUCCACUCCAUUCUAUUACAUUCAAUUCCUUUUGAGUCCGUUCCAUAACACUCCAUUCAUUUCGAUUCCAUUUCUUGCCAGUUUUCUUCCAUUUUAUUCCAUUCCGUUCGAUUCCAUUCCAUUCAAUUCCUUUUGAGUCCGUUCCAUAACACUCCAUUCAUUUCGAUUCCAUUUCUUGCCAGUUUUCUUCCAUUUUAUU
lnc-PIK3CG-11,-6850.75,201.72,,CAGAAGACAGGUCAGGCCCCUGCAUAUUCUUACACAGCCACCAAUAAGAACAAAGGCAUCAUUUGCGGAGAGGAUACACUGAUGGAGUAUUUGGAGAAUCCCAAGAAGUACAUCGCUGGAACAAAAAUGAUCUUUGUCAGCAUUAAGAAAAAGGAAGAAAGGGCAGACUUGAUAGCUUAUCUCAAAAAAGCUACUAAUGAGUAA
lnc-PLGLB2-51,-7059.41,207.02,,CCUGAGUUAAUUGGGGGUUUCGGCAAAUGGCUAGUUCCCCUAGUAAUCAGUGCCCCUAUCGGUGCCCCUGACAUGGCAUUCCCUCGAAUAAAUAAUAGAAGCUUUUGACUUCUUCCUCCAUCCUUUCUACUCCUAUUUGCCUCAUCCAUGGUAGAAGCAGGUGCCGGAACCGGCUGAACAGUCUAUGCCCCACCUCAUGGCUCU
lnc-PLVAP-21,-6997.22,212.1,,AGCAAUUCUUAGUCUACUGUGAAAUCGAUGGGUCUGGAAAUGGAUGGACUGUGUUUCAGAAAGACUUGAUGGCAGUGUAGAUUUCAAGAAAAACUGGAUUCAAUAUAAAGAAGGAUUUGGACAUCUGUCUCCUACUGGCACAACAGAAUUUUGGCUGGGAAAUGAGAAGAUUCAUUUGAUAAGCACACAGUCUGCCAUCCCAUA
lnc-POM121-51,-6841.94,123.85,,CACCGGGCAAACCCCGUACCUUCCCAGCAUCGGCUCAGCAACCCACGUGCAUCCAGGCCGGUCAAUGUCAUUGAGUCACCUCCGCGCCUUGGCCACCCUGGAGUCCCGAGAAUCCGAAGUUCCAGACAAAUGCCCAAACUACAUUCCUGCAUGUUCGAAAGCGUAAAUUGCAAAGCACAAAUCCAGGAAUAUUUUAAAGCAAAU
lnc-POTED-141,-7399.83,202.52,,CCUCUGAUGAAGUACCUCAAAAGCUAAGCUCCCAUCAAUCCUGGAGAGAUAGAAUCAGCAGAGCAUAGUGGCAGAAUGAAUGGUUUAAAAGGAACAGCAGCGACCAAAGAACUUUUUAUGCAGAGAAACCCCAAAUCUGGGGCAAAGCCCUCCUGUUCAUUUUAUCUCACACAAGGCCAAGUGACCCCAGCUGCAGCCGGAGUG
lnc-POTEG-1414,-7064.79,198.43,,UCAGUGGGUGCCCUGUCCCUGCCUGCCACCUGGACAGAGUGCUGUGGGGCCCCCGCCUGGCCCCCAACCACCCAGGGAUCUUGGUCAACGAACUUCACCUACAUGAAUCUUCGUUUCCUCAUGUGAAAAAUGGAGAGAGGCAGCGGAGGAUCAUCAGGAUUAAUAAACGGAAGACGAAGUAAAGUACUGCAGGCAGCAAGUGGC
lnc-PPDPFL-81,-6739.62,164.43,,UCAUUCCUACGAAGACAGCCACUCUCUAGGAGAGCCCCGACCAGGAAAGAAGUUAGUUUCAGGUGCAUCCGACUGGGGGAGACACAGAGGAGGCCUCUCAACAAAACAGGAGGAUGCAGCUGGAGAAACUGGUUGUUUUACCAAGGCUUGGACUGGAAAGGGCAUGCUUCCCUUAAAAAAAUCAAGCUUGACUUGCAGAGCCAA
lnc-PPP1R12A-11,-7034.36,215.73,,CUGUCCUGGGGGAAUAAUUAUGUUCCCUGUCUUGGGAGCCUUUCUUCAGGGAGCUUGAUGGUUCCAACCCACCCAGGAGCCUGGGACAUCUGUGCCCCUGGGCAAUCCCCUGCAGUUUCCUGAUUCCAAGAUGAGGGGGUAGAAUCCGAAGAUCUCCAAGGCCUUGAUGAGUGCUACCAGUCUGCAAAUUCCCAAGCCAAGUUC
lnc-PPP1R3E-14,-7152.45,224.81,,ACCUAGAGAUCAAUUCAUUUUUAUCAAUAUUUGGGAAAAUCAGUGACAUAAAUCAGCUCCAGCAUCAAACUUCAGCUGCUACAGAGAAGGCCAGGUGUAUGGAGCAAACAAAGCCUGCAGCCUGGGAGAUUAGGAACCACUCCUAACAAUGGACUUAAUAACAUCACAUUCAUCACCUGAUUGGAUUCUUCCAACAUGAAGCUC
lnc-PRAG1-31,-6923.67,167.2,,AGUACCGAGGCAUGGUCGCGGCGCCCGGGCUGCGCUGAAGGCGUCUGCGAGCGGAUGGGGGACCCCAAGGCCCACGUGAUGGCGCGCCCCCUGCGAGCCCCUCUCCGGAGGUCCUUUAGCGAUCACAUCAGGGACUCCACGGCCAGAGCCCUGGAUGUCAUUUGGAAAAACACUAGAGACAGACGGCUGGCAGGUGAGAGGCAG
lnc-PRAG1-39,-6926.58,203.58,,UCGUGGUGUUGGCUGGCACCAACCGCCCUGACGUCCUGGACCCGGCCCUCAUGCGGCCUGGCCGGUUUCAUCGCCAGAUUUACACUGUCCCCCUUACAUUAAAGGCAGGUCCUCCAUCUUUAAGGUCCACCUGCGCCCACUGAAGCUGGACAAGAGCCUCAAUAAGGACACCCUGGCGAGGAAGCUGGCAGUGCUCACCCCAGG
lnc-PRR14-51,-7154.32,162.54,,AUUGGAAUGAGUUGUCUGUGGAUCCUGUAAGGAGCCUGGACAUGGUGAAGAGAAUGCCUUGACCAUCAGGAGACAGCUUAGCUUGUUGAAUCUUGAUCACUUCUUCUGACCGCUUUGGAUCUUAAAAGAACAAGGGAUGAUGGUGACUUAUGGUGACAACCAAGAACAGGCUUCAGAAAGAAAGCAGCUGUGUAGCUAUGGCCA
lnc-PRR18-21,-7082.3,208.14,,GGUGGCCAGUCAAGACUAAUGAUUCAACACUUUGGACAAGCCUGAUGAUAUUCACCUUUGAUUCCGUUGUCCUAAAUUUGGAUUUGGAGAGAGAUGAGACAAAGUUACGUUAAAUGAGGACCGUGAUUGAGGAACCUGGGAGCCUGAGGAAGAGGGAGGAGCAGCCCCUUACCAAAAAUGGGGUGGGGGCUGAUGAAGAACUGA
lnc-PTN-71,-7085.27,214.49,,CAGAGACUUUCUGAUAGCUGAUGCCAGGAACAGCAAAAAGCAGAAUGUCCAGUUAGGGAUAGUUAACCAAGCCCCUCUCAAUUCUUCUUCUUGAGGCUAUCCUCUCCUCACUGGUCCCCAUUUUAUAAUCAUGCUCAAGGAGCCUAGGCUUCUCUUCUUCUCUUACAGCAUGUUUAAUAUCACUACUUUAUCCAUUCUGUACUG
lnc-RASA1-111,-6966.33,203.28,,UUUAAUGUGCAGACGAAGGGAACGUCAUCGUUUGGAAAGCGUCGCAAUAAGACGCACACGUUGUGCCGCCGCUGUGGCUCUAAGGCCUACCACCUUCAGAAGUCGACCUGUGGCAAAUGUGGCUACCCUGCCAAGCGCAAGAGAAAGAUAACUGGAGUGCCAAGGCUAAAAGACGAAAUACCACCGGAACUGGUCGAAUGAGGC
lnc-REEP3-211,-6751.22,160.8,,CGUCCUGCAAGAAAGAAAAGGCAAGAACGUCAGCGAUGGCUCCACUGACUGAUUAAGGCAAAGGAAGUCGCCACUAUGCCCUGGAUCUGUUCCUGAAGGAUUACAGCAUGAAGAAAAAUAAUGUGGGUAGCCGGGCUUCAUCUUAGCAACACGAGCACCUCAUUUUGGUUUUCAGUUGGUCUUUUAAUGAACAAAUGUGUUGGAA
lnc-REG1A-12,-7051.76,205.92,,CCAAUGUGUAAUAUCCUGGGAUAUCAUUUUUUCUAGGCUUUGUCCACAUGGCUUAGGGGAGCAUAGGGCUCUGCCCCAUGAUGUACAGUCCCUUUCCUCAGUGUUGGAGAUGAAGCUGGGUCUGGUGUUUGCACUUUCAUAUUCCUGUAGCUUCUCAGAAUCCUGUGGACAGUGACUGGGGAGACAAACCAUGCAGGAAAUAUGU
lnc-RERGL-41,-7143.2,148.88,,AGAGCCUAGAAAAUAUCACCUAGUGAAUAUCUACUUCCAUGAGGUGGAUAUUGAGGGAGAAACAGAAAAAUCCAAGACAAUCCCUUGUGGAAGAAAAUUCUCCAACCCAAAACUCAACCGAACUCAAAGGGCUGAACAGCGCGUCAAUUAAGACCUGUCAAAUAUAAUCACACGAUCUAAUAGUUUUAAAUACGCAAAAUAAAGA
lnc-RGS7-31,-6685.04,209.67,,GGUACUACUUCAGCUGCCAGCAGCAGGCGUUUAAGAAAGCUAAUUUCUAAACCAGUAAAUAGAACAAGGCAAACAGAGGGGCAUUCACUUGUCUAAGGAAAAAUCUUGAGAAAAUCUAAACGUCUUGAAUUUUUAUUCUGGAAAGUUAUACAUUUUCUAGGGAUGGGCAUAGUUAAAGCUUUUAUCUUAAUAAAUAUGCUUUUAG
lnc-RNF20-53,-6921.04,205.02,,CACAAUGUAGGGGCGGAACAGGAGGAAGCAGCUGGCUGGCAGGAAGUGGGUGCUGGGCCCCUGAAAGGACCCGAGCCAGCUGAUCGACAUCACUGAAAGUGCAGCCAAGGAUGGCUAUUUAGACAUAGCCCAGCCUGUUGUUGGCCUCACAGAGCCUUCCUCUUGCUCACACAUUUCUAAACUGUUCUACCCCAAACCCCGGAAA
lnc-RNF212-22,-7604.06,134.37,,CCUUACACACCUUUUCACAGACCCCGCCGUCGGGGCGCGGCCAGGUCAGAUCCCUUUUGAUCCGGGCCUGGGCUGAGUGCUCCCCCCGGGCUUCAGGUGACGCGGCCCCGCGGAGCGUGGGGUCGCCCGAGUUGGGCUGGGGAAGCCAGGGACGGAGGUGUCCGGCCGUCACCCCUAGAGGAGGGCGUGCGGGGGUCUGUUUUGC
lnc-RNF224-11,-7260.71,166.67,,GGAUUGUUACUGGAUUGUUUUGAAAGGGGUGGUAACGUCUGGAUUGUUACUGGAUUGUUGGAAAAGUGUGGUGACCUCUGGAUUGUUACCAGAUUGUUUGGAAAGGGGUGGUGACCUCUGGAUUGUUACUGGAUUGUUGGGAAGGGGUGGUGACCUCUGGAUUGUUACUGGAUUGUUGGGAAGGGGUGGUGACCUCUGGAUUGUU
lnc-ROBO1-61,-7509.87,123.34,,GAUUGGCAGGACAAAGAGAAGUAUAAGGAGUGAGAUUGUGACCUGAGGAUGUUCGAAAACGGCUCAUCCCUCCCUGGGAAGGAAGUACAAGUGCUGAAUGUGGAGAGGCAAAUAAAAUGGACACACAAGCCUUGACCUCUUGGAGUGAUUAUGAUCAAGAUUAUGAUCAUUGUGACACACAUUAAUCCAGGAAGCAAACAAGUAA
lnc-RPL37-13,-6899.23,155.17,,GUCAGGCCACUCAGCUCUCUCACCAUGCGAUUGCCCUGCAACACCUUGGAACUCUGCAGAGAGUCCCCAGCAGGAAGGUCUCACCUGAGGUGAACCUUCGACCUUGGACUUCUCAGCCUCCAGAAUGAAGAAUGGCAACCAUCAAAUCAAGAAAUUGGCCCAAAGCCCUACAGUCUGCAAACGUAAGUGAUAAAACUAGGAUUUU
lnc-RPUSD4-21,-7073.24,147.19,,AUGCAGAAUAAUGCUAGUGAGUUUGUGGACGUAUAUGAAAUGCUCCACCAGCAACUGCAUCAUCAGCAUCAAAGACUACACCUCCAUCCGGAUAAAUGUGGCUGAGGUUGAUAAAGUCACGAGCAGGUUUAAUGGCCAGUUUAAAACCUAUGCUUUCGGUGGGGCCAUUUGAAGAAUGGGCAAGUGAGAUGAUCUAUUCUCCCAU
lnc-RTL4-21,-7140.88,225.95,,UACGACCUCAGGACUGGCAAAUUAGCUUUACUCAACAUGCCCCGAGUCAGAUAACUAAAAUACCUUAGUCUAGGUAGAUACUUUCACUGGAUAGGUAGAGGCCUUUCCUACAGGGUCUGAGAAGGCCACCGCAGUCAUUUCUUCCGUUCUGUCAGACAUAAUUCCUCAGUUUAACCUUCCCACCUCAAUACAGUCUGAUAACAGA
lnc-RTTN-21,-7728.95,208.71,,CAAAAUCAAAUCAGUGACAAAACCAUGAAGAUCAUAGGAUUUGGAAGGUGAAAAAUCAUAGCAUUCAGGACUGCAGGUGCCACCAGCUAAUUGGGCUCACUGGGCUCUGAAACUGCAAGGAGGUGCUGUGACAAGUUACUGAGAACCAAGAAACUUUGGUAACCCCUGAAAUUUGGUGAAAAAAUGAAAUCAAAACUGUGUAAAU
lnc-SBDS-131,-7335.76,212.61,,CCGGGAGGCAGAGGUUGCAGUGAGCCGAGAUCGCGCAGCUGCACUCCAGCCUGGGCAACAGAGCAAGACUCCAUCUCAGAAAAGAAGCAGAAAGCCUCCAAGAGCCAAUGGCUCUCAAGCAUCUUGGUCUCUGCUAAGAAGAGGCUCAGAGGCUUAGAAGCCCUGCCUCGCCGGGGCUUUGAGGCAAGCUGCAGAUGCCCUUUAG
lnc-SCMH1-31,-6802.34,200.84,,UUGCUCACCACUGUAUCCUGGCAGGUAGUACUUGACUACCAACUGUCAUGCAUGACAUAGUGGUUACAAGCACUAGCUCUGUCGCUAGGCUGUCUAAAUUCGAACCCAGACUCCUGCCACUGAACACCUAACACCUUUAGCAGUUUCCUUAACCUCUCUUGCUUCACUUUUCUGAUGGGUAAAGUGGGUAGACUGUCUUUAUCUC
lnc-SCN9A-23,-7111.11,221.35,,CAGAAUGAUGGCAACACCCCAUAUGGGGGGCCCUCCCAUGAUGCCAAUGAUGGGCCCUCCUCCUCCUGGGAUGAUGCCAGUGGGACCUACUCCUGGAAUGAGGCCGCCCAUGGGAGGCCACAUGCCCAUGAUGCCUGGGUGCCCAAUGAUGAGACCUCCUGCCCAUCUCAUGAUGGUGCCCAGUCAGCCCAGAAUGACUCUACCA
lnc-SEMA3B-18,-7055.63,226.14,,GGUUUUCAUUUGCAUUUCCCUAUUGAUUUUGAGCAUCUUAUUUGCCAUUCAAAUAUUAUCUUUGGUAAUGUGUCUGUUCAAAUCUUUUGCGAAAUUUAAAAAAUGAGGUUAUUUAUCUUCUUAUUGAUCUUGUAAGAGUUAUUUCUGUGUUCUGGAUACAUUCCUUUUCAGAUAAAUGAUUUGCAAAUAUAGUUAACCCUCAUUA
lnc-SFTPA2-31,-7072.23,210.94,,GUGAGCCAAUUACGACUACUUUGAAACGAAAACAAGAGGCAGUUUCAGCAACCAUCAUUCAACGUGCUUAUAAAAAUUACCGCUUGAGGCGAAAUGACAAAAAUACAUCAGAUAUUCAUAUGAUAGAUGGUGACAGAGAUGUUCAUGCUACUAAAGAAGGUGCCUAUUUUGACAAAGCUAAGGAAAAGUCACCUAUUCAAAGCCA
lnc-SGCG-53,-6848.31,214.81,,GGAAAUGUCUCUCUUCCUAUGGAUGCCCAGCCUCUGCCCUUGUCUUCUGGACCCCACCUCCUUUCUACCACACAAGUUGGCAUGAUGACAACGUAUUUGGCCCUGGCAAUAGAUUAUGGCUGGUACAAACCAGUUCUCAGGAUAUCUUACAACUAGAGGCAGCCUUAAGACCCUGUUUUGUCGAGAAUACCUACUUGGAAGUCUA
lnc-SGCG-54,-6980.0,283.68,,AGAUACAUGCAGACACACAGACUCAUAAGACACACAUGUACAUACAGACACACAGAUACAUAUACAUGCAGACACAGACUCAUAAGACACACAUGUAUAUAUAGACACACAGACACAGAUACAUGCAGACACACAGACUCAUACAGACACACAUGUACAUACAGACACACAGAUACACGCAGAUACACAUAGACAUGGACAUACA
lnc-SGPP1-11,-7199.11,215.87,,GCAAAGCUUACCCUCCUGGAGAGAAAAAAUUAUGCACAAGAAGUAGUCAUUAAAAUUAAGUUGUGUCAGACAUGCCAAAGGAAUACUGUGGUGAUCUGAUCCCUUUAUGAAUAUUUGAUGAAUGUGUGGAGAUCACAACUAGUGGGCAAUGGAACAAUAUCGGAAUGGUGGUAGAUAAAUGGAAGGAAAUAUUAUCAUGUUAGAA
lnc-SLC22A15-41,-7237.07,201.72,,UCGGACGGGCCUGCGCACUGGGAGAAUGGGGUGGAGCCACGGAAGUUCGCGCCAUUUGCAGAGGGGAGGAGCCCAGCCUCUUGCGUUCCUGUGUGAUGGGGCCGGAGCCAGUAAACAGGCUUCCUUCUCGCUCUGCUGGUAUAAGAAGAAGAAGUAGGAGAAACAAAAUAAGGAGGAGAAGAAGUAAAAUAAUUUGAGAAGGAAU
lnc-SLC22A16-31,-7167.83,139.71,,GAUCCCACCAUUUUAUGGGUGAAUGGCAAAAUCAAACAGAAAUUAUGUGGGAUGGGAGAUACUGAUGCAGCCAUCUUUGGAAACAUUCUACUUAGCUAAUUUUAUGCUAGGCUUUAGGUCAAGAAGGAGAGAGAGAGCUGACAUGCUGUGGUACACACUUAUAGUCCCAGCGACUUGGAAAGCUGAGGCAGGAGGAUUGCUUGAU
lnc-SLC23A2-11,-7505.73,211.18,,AGAAGAAAGAAGGUCUACCCUUGUCUUCACCCCCAGCUUGUCCGACGCUUCUCCGUGCUGUGCUGCACACUGAGGUGGCAGGUCCCAGGGUUGGUGACAUGAGCUCAUCCGCGCUUUGAAUGUUUUUGAGGUGGGUUUCAUUAUUUCUGCUUUAUUUGGGCUCAGAGAAGCUGAGACACUUGCUGGGCUACCUGGCUACCCUGGC
lnc-SLC2A12-51,-6876.42,181.79,,GUGUGUGUGUUUACACCAUCGGUUCUUCUCCCUCUAGAGAUUAGCAUAACUCCCUUUGCUGUUGGAUUGUUAUUUUGAGCAAUAUGUUUUGGAAAGGUUGGUUUUCAUCAUGAGUGACGCAAAUCAUCAGAUGCAUCUGUUGCUCCUCUUCAGAAAUAUCUGGAAAGAGUUUCUAGCCAAAGCCAAAGAAGACUUUUUGAAAAAA
lnc-SLC2A12-52,-6911.29,214.32,,CAGAGGACUCGUCAGCUUCAUCAGUAGAGAACUUCUAUUUCCUAGAGCCAGUAAGCUUUGGAUAAAGAUCCAGAAUAUGGACGACAUCAGUAAUAGCUCUGAUAGAUCACCUCACAGCCUUACCUCAUGUUCCGCCCUUAACUGUCAAUAACAGCAAGUGUUAGAACAGGUAAGUUUACUGUGCUGGUUUCCUGUGGAGGGUGGG
lnc-SLC4A7-31,-7170.05,207.28,,UAUGAUGGCAGCACCCCAUAUGGGAGGCCCUCCCAUGAUGCCAAUGAUGGGCCCUCCUCCUCCUGGAAUGAUGCCAGUGGGACCUGCUCCUGGAAUGAGGCUGCCAUGGGAGGCCACAUGCCCAUGAUGCCUGGGUGCCCAAUGAUGAGACCUCUUGCCCAUCUCAUGAUGGUGCCCAGUUAGCCCAGAAUGACUUGACCAGACA
lnc-SMIM10L2B-110,-7004.66,212.93,,GUAUGAUGGCAGCACCCAUAUGGGAGGCCCUCCCAUGAUGCCAAUGAUGGGCCCUUCUCCUCCUGGGAUGAUGCCAGUGGGACCUGCUCCUGGAAUGAGGCCGCCCAUGGGAGGCCACAUGCCCGUGAUGCCUGGGUGCCCAAUGAUGAGACCUCCUGCCUAUCUCAUGAUGGUGCCCAGUCAGCCCAGAAUGACUCGACCAGAC
lnc-SOD3-121,-7310.15,199.42,,AUGAAUGCACCCUAAAAAGAAUUUUCUCAGAUUGCUUCUGUCUAGAUUUUAUGUGAAUAUAUUCCCUUUUCUACCAUAGGCCGCAAAGCGUUCCAAAUGUCCACUUACAGAUACUACAAAAAGAGUGUUUAACUCUGUGAGUUGAAUGUACACAUCACAAAGAAGUUUCUGAGAAUGCUGCUGUCUAGAUUUUAUAUGAAGAUAU
lnc-SORL1-11,-6780.3,157.38,,GAAAGUGAUGAAUCAGAGGCUGAAGUGAAGUUACAAAGUUAUACUCCUAUGCAAAGGAAGACUUGGCCUGUGACCAGCCUGAUUGACUGCAGGAGGGGACCAGUCAGAGCAAGAAGGCAGCCAUCUGUAGGGCAGGAAGAGAGCCCUCACCAGAACUUGACCAUGCUGGCACCCUGAUCUCAGACUUCUAGCCUCCAGAACUGUA
lnc-SRD5A2-32,-6857.49,205.14,,CAUGGGAAGCCGAGUCGAGGCGCCGUGAUCCCAGCCAGAUCUAGAAAGCUUCUGUAUGCUGAGAAAGGAGGCCUACUGUACUAUGUCCACUAGACGGAACCUAAAAGGUCCGCCCCUGCUACAGGCCGCAAGGAAUGUUCUGAAACAAUCCAUGGCACAGCUGCAGAGCUAUGGAAGGGGCCUGAACCCUAACUCUCAGUACCUG
lnc-SSTR1-22,-7295.07,218.48,,CAACAAAUACUUUUUGGGCAAUGUGCAACUGAAGGCUCUGGAAACAAAUACAGCAGUGAACAAAGACAGCCAAAGUUCUUUUUCUUUUUUCUUUUUUUUUUUUUGUAGAGUCCAGGUAGGGAAGACAGCAGGUACAAGGACUCCAAGGUGGGUGGUAUGCUUGUAGUGAAUGUUUGAGGAAGAGUGAGAAGUCUGAGGUGGCUGG
lnc-SSTR4-24,-6622.3,242.77,,CUUUAAAGAAGUCUUUCCUUUGUCUUACGGCUUCCAGAAUUCCUGAUGAGGAGUCUGCUAUCAAUCUUAUCUUGUGGCUUUGAAGUUCUGCAGGCUGUACAAGAGACACGGCACCAACAUCUGCAUCUGGGGAGGACUUCAGGCUACUUCAUUCACAGCACAAAAUGAAGGGGAGCAGUGUGUGCUGAGAUCACGUGGUGGUGAG
lnc-SSX2-21,-6750.87,143.75,,UGACCACCUUAGCAAGAACUUACCUCUCCUUUGCAGUGGAAAAGAGGGAAUCCUGCCUAAAACCUACUUCACGGUGUUACAGAGAAGAUACAGAAAAUGAAAAUGAAAAUAAAAUUUGGUACUACAGCACAAAGGUCCAGCUUGCAGAAUUAAUUGACUGUCUAGACAAAGAUUAUUGGGAAGCAGAACUCUGCAAAAUUCUGGA
lnc-STAP1-132,-7176.95,217.9,,CAGAGCACACAGCCUCAAGAAAUACGAGAAAGGCGGCAGGGGCAGAGUGGACACAACCUGAAAACCAACUGGACUGAGCAUCCUUCUCCUAAAAUCUCAGCCAGAAGCCACGAUGGAGGGUCCUGGGAAGGGAAGAGAUGUGAAGAUUUCUGUGAUUCUAAAACCUUGGGUCUGCCUGCAAACUUCUCUCUGAUCCCAGCCGAGA
lnc-STK32B-11,-7190.98,181.21,,UACUUCCUAUUGCUUCCUUGCUUUCUUUUUUUGUUUGAGACAGAGUCUCACUCUGUCACCCAGGCUGGAGUACAGUAAGGCAAUCUUGGCUCCCAGGCUCAAGAGAUCCUCCCACAUCAGCCUCCUGAGUAGCUGGGACUACAGGCACGCGCCACCAUGUCCAGCUGAUUUUUGUAUUUGUAUUUGUAUUUGUAUGUAUGUAUGU
lnc-STMP1-21,-7252.12,167.64,,AUGGGCUGGACCUGCAAGAUCCUCUUCUUGGUGGCAGCAGCCACAGGUGCCCACUCCCAGGUGCAGCUGGUGCAAUCUGGGGCUGAGGUGAAGAAGCCUGGGGCCUCAGUGAAGGUCUCCUGCAAGGCUUCUGGAUACACCUUCACCUACUGCUACUUGCACUGGGUAUGACAGGCCCCUGGACAAGGGCUUGAAUGGACAGGAU
lnc-SULF1-41,-6941.52,204.06,,GUCCUUUCUGGUUAUUCCUUUCUUUUUCGCUUUCUCUCCAUUUCCCACAUUCAGUCUCCCUCUUCUCUUCUAUCCUGUCCCCUUUCGUUCAUAUGAGCACCUCCUUUGUUGGUAGCUUCUUAGAAGAAUGUCCUCUUUUCCACUCACCAGCUGUGGGUUGUAGUCCGGGAAGUGGGAAACUGGUAUCCACAUAUUGCUGAAGUAU
lnc-SYK-11,-7000.53,224.03,,CCCAUGCAGACACCAGGACCUCCACUGGUUAGGUUUAAACUCAGGACAUGUUAUUUAGCCUCUUUAAUUCUUUGUUUCCUCAUAUGUAAAAGGAAAAUCAAAAUAGCUCUCCCUCACCAGGUUGUUGUGAAGAUUACCUGAGUGGUGAUGUCUGCCUGUGAAGUUCUCAGAACCAUUUCUAAUGCACCCUAAAUCCUCAAAAAAA
lnc-SYT4-71,-7384.49,212.1,,UCGGGGAGCUCGGCUCUUGAGACAGGAAUCUUGCCCAUUCCCCGAACGAAUAAACCCCUUCCUUAACUCAGCGUCUGAGGAAUUUUGUCUGCGGCUCCUCCUGCUACAUUCUGAGUGGGGAAAGGGACUAAGGUGGUCUGAGGACCCCACAGAGUCAGGAAGAUUGAGAGCCUGAUAAAGGUAGUGCCCCUCCGGCCUCGCCAUG
lnc-TAF1-31,-7071.7,164.36,,AUUAGAAGAUGGGUGUCUGCUCAACCUAGAUGAGGCUCAACAAUAUCUCAGAGGGGAAUCCAUAUGUCAUCAUUUCUGGCCAGUGACCUCUGAGUGGAAGUCUGAGAAGAAGUUUCUGGGAAGAAGAGUCCUGUUAUGUCCUCACUCUGUUGUUUCCUGUGAAGGAUACUGGUGGGCAGAAGGGAAGACUAGAUUGAGGCAUCCA
lnc-TARDBP-91,-7281.6,168.81,,GAACAGUAGAAAACCCCAGGCAGAGCUGAAGACAGUGACAGAAGGGAUUAUUGCUUCUGAAGAAGAAAAAAAAUGAUUACAAACUGUCCUCACACUGUCACCCAGGCUGGAGUGCACUGGCGCGAUCUCGGCUCACUGCAACCUCUGCCUCCUGGGUUCAAGCGAUUCUCCUGCCUUAGCCGUGAUGUUCAGUUUCUAAUACUGU
lnc-TAS2R1-81,-7306.85,176.24,,UGAAUCUUGUGCAUGUUACAGGGAAGCACUGUCCUACAUCCUAUGUGACAGGCUCUCAUAGUCACCAUCAUCAUGGGAAUCUUGCACAUGUUACAGGGAAGCACUGUCCUACAUCAUAUGUGACAGGCUCUCAUAGUCACCAUCAUCACGGGAAUCUUGCACAUGUUACAGGGAAGCACUGUCCUACAUCGUAUGUGACAAGGCU
lnc-TBC1D4-29,-7000.54,222.56,,CUCCACAGGACAAAGAGGAAAGGAGAGAAAACAAAUUGGCAUCAGUCAAUAUUAUUACCUCCCAGUGGCUACUGUCAGAGUUGAGAAGUAGAAAACGAAACCUAGCAAAAAAUCUGAAAGAUUUAACGUGCAUGUACAUUUCAUUUAUUCAUGUUUUUACUCUCUUUACCAACAAUAACUGAAAAUAAACUGAUAACAAACACUU
lnc-TBL1Y-31,-6961.04,167.13,,GGAAGGCCGUGAAGCCAUUGUCAGAAAUUUGUCCUUUAUCCUGACUGAGCAGAAGAAACACUGAAGGAUUUUGAGCAGAGGCAUGUCUUGAUUUCAUUUCAUUUUUAGAGGUAUAGAUAAUUCAGGCUGCUAUUUUGAGACUCGACUGAGAAGAGGUGUGUACUGGUUUCUGACAACUUCUGAAGAUUGCGCCAUUGGACUAGAG
lnc-TBL1Y-32,-6992.08,163.91,,CUAAUCCAACUAAUUUUAAAACAAAUAAUAAUGAUACAUAACAUUAAGGGACGAACCUGGUCCCUUAUACUAAUCUCCCUAAUUAUUUUUAUUGCCACAGCUAAUCUCCUUGGACUCUUACCCCACUCAUUUACACCAGCUGCCCAACUAUCUAUAAACCUAGCCAUGGCAAUCCCCCUAUGAGCAGGCACAGUAAUUACAGGCU
lnc-TDRD15-12,-7015.06,168.75,,AUGUCCGUGUGAGGGUUCAAGGCCAAGCUGAGGUUGUUGGCCUCUAUCUUCCACAAGAACCAGGAGCCGCCGCCGCAGCUCACGCUCCACUGCAACAUCACGGAAUCCUAUUCAUCUUCUUCACCGAUAUGGUUUGUGGACUCUGAUGAGCCAAAUCUGACAUCAGUUCUGGAACGUCUAGAAGAUACUAAGGACAACAGUUCGG
lnc-TEKT4-211,-7401.98,211.92,,GGAGGUGCCCGUGCAAAACUCAGGGAGGUCACAGUCACCCAUGGCCUGGCGGCACAGCGCUCCAGCCGGCUUCAGCUGCGCAGGCACGCAGCAGUCCCCGUGGGCGCACUGGGCCCCCGGGCGCAGCGAGCAGUUUGUGAGCUCCUCGGCCUCUAGGCAGCGGCUCGCAACUCCGGCUCCGCCCAGGCUGGAUUGCGGCCGACCC
lnc-TEX37-21,-7181.56,215.37,,GUGAGGAAACCCGACGCAGAGUCCGGAGAAGGCAGCAUGGAAUCCCUCCCUCAGGCCUCUCUGGACGGUGUUGGUGGGGGAUCAAGAUGAACACACUGCAGACGAGGACACGAGCCCCACAGGAGCUCUUUGUCCCGCCGGAGACCAGCGGACCCACGUCAGAGAAGAUGCUUGUAUCUUUUCACGGCUCUUCUCUGAGAAAUGA
lnc-TLE1-111,-6865.1,207.08,,GAGCACCACUCAAAGUUGACUGUUCCUUGUUCAAUCAGGAUCACCCACAGGAACCCAAAGGAGUGAGCCAGGGCGAAGUGAUGGAAGUCUGUAGAGGAGAGGAAUCGCUACAUCAUAGUGAAUUCAUGCAUUCGACAUUAGUAGAUGAUAUCAAACCCUUUUCCAAAGUGGCUGCACCAAUACAUCCCCACCUUCAAAAGCACUG
lnc-TMEM101-13,-7407.34,198.64,,CGCCUUUGCCUCCAAGGCUUUGCUGGCUUGUGCGGCAUCCUGCUCCGUCUGCAGGUUGUGCUUCCGGUGCGGAGGUCAGGGACAAGAUGGUGCCACCGGUGCAGGUCUCUCCGCUCAUCAAGAUGACAGCAUAUUAAAGUGAGUGACCCUGCGACCCACUCUUUGGACCAGCAGCGGAUGAAUAAAGCUUCCUGUGUUGUGUGAU
lnc-TMEM30A-31,-7166.73,232.06,,GUGUAAGCUGGGCCUGGACCACUCCAUCCCCCACUGUGUUACCAGGUACCUGCCCCUGCUGCUGGUCCUCAUGGUCAACCCCAUCCUGUUCAGAAAGACAGUGAUUGCAAGUUCUGAUGCCAGCACAUUUGAAAUCCAUACUGCAAGUGAAUCCUGCAACAAAAAUAAGGGUGACCCUGCUUGCCAAACCCACAGAAACCUGUGA
lnc-TNFAIP3-43,-7397.45,209.49,,CACUGGUUGUGAGCCAGAUCAAAACCCUGUCCUGGGGAGACAAUUGGAUUUUCUAUGCAGGUACAGUCACAUUUAUGUCUUUUAAUAAUAGAGUUCAUCCAUCAUACAAGAUUGAUGAUCCCUGCAGAAGUUAAAAGUCUAGGAAUAAGAAAUUUGUGAAUGUGUUUUGCCACUUCAAUUGCCUCUACUGAUCAAGAAAGCAAAG
lnc-TNFAIP3-44,-6919.71,201.26,,CUCCUGGCUGCAUCUGCACCCGCCCGUACCCGCACCGGGCCUCACUGGCCCCUUCUCAGACCGGCACAGCCAGAAACGGGAAUCCAAGUCCAGGGUUUACCUCUGGGGCCCUGGGGACCACGUGGCUGCCUAGGAAACGCAGCCCAACAGCAGGCUAGCUCCGAGGCAGAAGCCUUUUCUCCAGGAAGGGCCGGCGAGGAGCCCG
lnc-TNFAIP3-51,-7375.19,212.13,,GUGAGGAAACCCGACGCAGAGUCCGGAGAAGGCAGCAUGGAAUCCCUCCCUCAGGCCUCUCUGGACGGUGUUGGUGGGGGAUCAAGAUGAACACACUGCAGACGAGGACACGAGCCCCACAGGAGCUCUUUGUCCCGCAGGAGACCAGCGGACCCACGUCAGAGAAGAUGCUUGUAUCUUUUCAUGGCUCUUCUCUGAGAAAUGA
lnc-TOPBP1-41,-7512.39,215.62,,UGACCGAGUCAUAGAGAGCCAGGAAGAGGCAGUUGGAGAAAAAAACUGGCAGAAUUUGCAGUGUGAUCAGCAAGUCUACGCUGAGGAUGCCCAUCUUCUCUGCCUCCUGAGCCCAGCAUAAAGACAUGGGAUAUGUGAGAAAAGGAAUAGGAAAAAGCCAAAGAGACACCGGCUUACAUUAGAAAAUCUACUCAAAAUCACUCAA
lnc-TOX3-120,-6992.25,225.36,,AGAUGUUUUGCUGUAAUUGUAUACCAGGCUUAAUAACGGUCGAGUCUGACAUCCACGUUCCAACAUUCUGUUGGAAUUAAUUGAGGAGAGGACCUAGCAAAGCCGGGGUUACACAUCAAAAUGGAACAGAAGAAAGCUUAAUUUCAACUCAAGAAACUGGAGAAUUGGCCAGGCGCAGUGGUUCAUGCCUAUAAUCCCAGCACUU
lnc-TP53TG3C-81,-7313.4,218.66,,UCCGACCCGGCGGCCAACACCAGUAAGCUACAAGGAGGAGCUUUCCCACUGCCUGUGCUACUACUACCGGCGCGACUUCCCAGCCUGCAGCGUAGGGCGCAGCAAGGGCCUGACGCUGAGCGAGCAGGCGCUGCACACCAAGCGGUUGUCGCCUGGCGGGCACAAACAGAAGGUCAGACAAGGGCAGCAUGUGUGAAGACUGCGG
lnc-TPCN2-41,-7281.61,182.66,,UACUGAGAAGAUCACAUACUGCAUGUCCUCCUAAAACCUGGUCCUGGCAUAACCUUCUAAGCUGUUUUAUUCAGGUUUGGCAGAUACAUCAAGCCAGUUCAUUAAUGCACAGAUGAUUCCUUCACAUUAAGAAAGACACGUUGGAGCACCAUAAAUGUCAAGGCAGUUAUUACACACAAAAAGCAUAAAAUGGCAACCAUCAAAA
lnc-TPCN2-42,-7386.77,185.55,,AUUGGCUGGACCUGCAAGAUCCUCUUCUUGGUGGCAGCAGCCACAGGUGCCCACUUCCUGGUGCAGCUGGUGCAGUCUGGGGCUGAGGUGAAGAAGCCUGGGGCCUCAGUGAAGGUCUCCUGCCAGGCUUCUGGAUACACCUUCACCUACUGCUACUUGCACUGGGUGCGAUGGGCCCCUGGACAAGGGCUUGAGUGGACAGGAU
lnc-TPTE-71,-7020.02,231.51,,UAAAUAGACUACAAAAAGGACACUUGUUUAUGGUAUGAGGGCUGAAACAAGAAAGCAGAGUGUCACCUUGUUCCAUCUAAGCUCACAGUUAUACUCUAUUUACAGCCUCCCUUGCAGAGGGACUAGGACUUAACUGAGAAAGAUGGAAAAACAAGCCACGGAAGUAACUUUUCACAUAAAAGUGAAUUUAAGGCACCUGAGACUU
lnc-TRABD2A-41,-6996.86,207.18,,CCAUGGGAAGCCGAGUCGAGGCGCCGUGAUCCCAGCCAGAUCUAGAAAGCUUCUGUAUGCUGAGAAAGGAGGCCUACUGUACUAUGUCCACUAGACGGAACCUAAAAGGUCCGCCCCUGCUACAGGCCGCAAGGAAUGUUCUGAAACAAUCCAUGGCACAGCUGCAGAGCUAUGGAAGGGGCCUGAACCCUAACUCUCAGUACCU
lnc-TRIM64-22,-7375.51,212.44,,CCUGUCUCAAGGCCACACCUUCCACCUGCAGUGGAGUCUUCCACACCCAGCGCUUCGACCUUUACCAGCAGGCCUCCCCACCAGAUGCCCUGCACUGGAUACCUAAGCCUUGGGAAUGGACACGGCCGCCACCUCGAAAAGGGCCCUCCCAAAAGGCAGAGGAGCCUGGGUCCCAAGGGGACAAGGAGCCUGGUUUGCCCCCACC
lnc-TSTD1-21,-6884.15,193.06,,AGUCUUCUCCCCCGGAGGCCUGGCGGUGGCUACCUCACGCUGGAAGUCAGAACUACAGGGCCGCCGCCACGCAGUUUGUGAUUUCCCAAGGGCAAGGACUGAAUACCCUGCUCAAGAGCCUGGUGCCUGGCAUAGACAAGAAUGCUGAGGAAGAUUCAAUAGCUGUGUUACUCAAAAGCUGAUAUAAAAGUUCAUCUGGAAAAGU
lnc-TUBB8-12,-6940.0,259.27,,GCAAAACAUUAAAAACUUGAGAUGAAAGCAUGCCGUUCUAAAACAUAUUUGGCUCAAAGAAAAAGAUGCUUCCCAGGACUACAAAAGAUCUUUCUUUAAUGAAACUUUAAUUAAACUUUGCUUUAAUUUGGAUCACAACGAAGAAAAUAAGGACUUUUCAUCUUGCCCCAUGUGGAAAGUAUCAGUGUCUCCUAUGAAUAAAAUU
lnc-TWIST1-31,-7084.79,276.76,,UGGCCCUCGUGUGGACCCAUACCGUCCUGUGCGCUUACCAAUGCAGAAGCUGCCCACCCGACCAACUUACCCUGGAGUGCUGCCCACAACCAUGACUGGCGUCAUGGGUUUAGAACCCUCCUCUUAUAAGACCUCUGUGUACCGGCAGCAGCAACCUGCGGUGCCCCAAGGACAGCGCCUUCGCCAACAGCUCCAGGCAAAGAUA
lnc-UBXN10-11,-6887.46,153.81,,UCGCUAGGCCGCUCACUUCCAGGAGUCUGGGCGGGCGCCAUUAAGGAUUGUGGGAGCCCAGAGAAGGGUGUUGUGGAUUCUUCCUGGAGAUCAGACCGGAAAGCAUUCCUAGGAGAAGCAGGUAUUGGAAUUGGGCUUUGCAGGAUAAGUAGGAGUUUGUUAGCUGGGGAAAGGCAUUUCCAGCAGAGGAAAAAGAAUGGGCAAA
lnc-UPK3B-111,-7230.97,164.29,,GUUAAGACACUGUGAAUGUUUGUGAGAGAUUAAUGUUUGUGGAUGAUGUUAUCACUCCUAAAUAGAUCGUAAACUUUCAUGCAGAAAGGGUAUAUGUAGGAAGAAUGAGACACCUCUCCUGGCUUCUGAUGUUCCCAUCCCUGAGGAGGAACACCUAUUACUCUAAUACUCCCGCCUCUGUUUCACACCUUUACUCACUUUCCCC
lnc-USP17L3-101,-6760.16,182.13,,AGAGGACUCGUCAGCUUCAUCAGUAGAGAGCUUCUAUUUCCUAGAGCCAGUAAGCUUUGGAUAAAGAUCCAGAAUAUGGACGACAUCAGUAAUAGCUCUGAUAGAUCACCUCACAGCCUUACCUCAUGUUCCGCCCUUAACUGUCAAUAACAGCAAGUGUUAGAACAGGUAAGUUUACUGUGCUGGUUUCCUGUGGAGGGUGGGA
lnc-VCY-32,-6919.87,192.27,,CUCCCUGUUGUGAAGUGCACCAUUGAUAAUACCCUGGACCAGUGGCUACAAGUCGGGGGUGAUAUGUGUGUGCACGCCUACCUCAGCGGGCAGCCCUUGGAGGCUACCACUCUGUGCCAGCUCCACAGCACCUGCCACCUAUAGGACUAGAAGGGAGCACAAGCUUUGCUGAACUGCUCUUCAAAUUUAAGCAGCUAAAAAUGCC
lnc-WDR73-111,-7154.69,200.34,,GUUGUUAGCUGAUAUCCAUGGCAGCUGCAGUGGCAGGUAAUGUCUUACAAUAACAGAAUGCAGGAGAGCACAUAUCAAUGAAGAAAAGACAAAAUGUACUUAUCCAUGAAGCUGAGGUUAAGAAACCAGUGUCUUCAAGAGCCAGGGACAGCACUGGGUCUGUGCAGAGUUGAGAGAUGGUGAUGACAUGUGGUUUCCAGCAUUC
lnc-WDR73-121,-6826.01,186.49,,UUUCUAUUUCACCUAUGAUGAAUAUGAUCCUCAGUCGGCCAAGGUCACAAAGCUUUUAAGAGGGUAUGUGAAAGCUUGCGUACAAAAAGAAGGGGCAACAACUAUACAGGAAGGAGAACAGGAGAUCAAAUAUGAUAUCAGGAAAUACAGAAGACUAAAUAUACCCAUUGUUCCUGCUGCGAAAAAGAUGGAAUAUGAUUAAGCU
lnc-WDR89-11,-7201.83,201.88,,GGACUCUCGCCCAUUUCCCACAGACCUAUAUACCCCGCCUGCAAACCUGACGGAAAGGCCCACACACCACACCAGAGAGAUGUGGAGGGACGGAGCAUUCAUCAUAGACAGCAUUGGAGCCCCCGUCCCGGAACCCUGAGCAUGCCUGCAGGUAGUGGAGGGUUUGCCUUCAUCAGCAAACACCAGAUGCCUUUCACAUCUUACC
lnc-XKR3-21,-6919.22,218.66,,CUCACAAAUUCUGCUUUGAUCUUGAUUAGCCUGGAUGCUUCUAGGUUGGAAACUGUAUGGAGGAGGCAGAGAUCUAAAGGCCUACAGCGUGGCAUGGAUAUCCACUGGCUGGCACACCAGAAGCCAUGUUAGACUAAGAGGUGACUCAGGAUGGCCAUGCACUGGAGGUAGCAAAGCAGAGAGAAAGGAGUCUGCCUGAUGACAG
lnc-ZBTB8OS-32,-7022.19,195.98,,AUCAACCAACAUUCUGUAUCUUCAACAGCCACAACCCCAUAUAAUGAUGGCUGAUGGACAUAGACAGCAAUAUCCUGGAAGCCUACCAGAGCCUAAAGAACCUUCUGAAUCACCAAAGAAAGAUUAAGUGAGAGGUGGAGAAGGGUGAAGUAGAGAAAGAAGUCAGAAGAGGAGCAAGAGAAGCCACUUUCCUUACACUCAAUAA
lnc-ZC3H11B-21,-7130.89,211.57,,AUGGGCUGGACCUGCAAGAUCCUCUUCUUGGUGGCAGCAGCCACAGGUGCCCACUUCCUGGUGCAGCUGGUGCAGUCUGGGGCUGAGGUGAAGAAGCCUGGGGCCUCAGUGAAGGUCUCCUGCAAGGCUUCUGGAUACACCUUCACCUACUGCUACUUGCACUGGGUGCGAUGGGUCCCUGGACAAGGGCUUGAGUGGACAGGAU
lnc-ZC3H8-61,-6850.26,209.47,,CCAAAAACGAGCCAGAUGCUUUAAUGGGCUGCCUCCAGGGCCCAUCGGCUCAUCAGAAUCCCUUAAAUGAGGGCUCAGCAGAGGUGAAGUUUCUUGCCCAGGUCCUGCAGCAAGAACACGAGCCGGGAUUCAAGCCCAGGUCUGUCGGGCUCCAAAGCCCAUGUGUGUUCUCUAGGCAAGAAAUAGGGAGUAGUCCUAUCCAAUAA
lnc-ZFHX3-31,-7602.26,273.34,,GAAAGACAGUUCAGGCACCUGAGUGGUUACAUUAUCCCAAGCCAAAGAAGGAGAAGACAAGCUUGUGAGUUUCCCACGCUCCCUAUGAAAGUGAUGCCAUAUUGAUGUUUCAGCUCUGGGCAGGCUGUGGCAGGCCGAAGGGACCACCACGGAUGGGCUUUCAGCCAGGGUCUGCCCCACUGCCUUCAUUUCAUCUGUCGAAAAGC
lnc-ZFHX4-33,-6665.33,248.89,,AAGUUGCUUUUUGAGAUUUUUCUCGCCUUAGCCCUGAAUGCUGCAUGCUCUGAAAGAAUCCAGUUAUGGGAACACAAAUUACCUCAUCCUCAGUUUCACUUUAAAAUAAAAUAAAUAGGUUAGAUUUUCAAGUGUUAUUAAGUUGCUUACACAAAUUUAAAGUCAUGAGCAUGACUUUAGGAUCUGUGCUUUUUAUGUCAAGUGCU
lnc-ZNF267-61,-7229.51,219.68,,GAAUGCUGCUGGUGGAGUCAGCAGGAAAAGCCUUUCUGCCCCUGAUCAACCUCUACCUGAGGACCUAAGGCAAUGCUUUUAUUGUAGAUCCUGAUAUGCAAACAGAACUACAGCACUCCAGAAGUAACCUCAUUUGACUGGCCUAUUAGUUAAUGGCUCUCUACGUUUAUCACUGAAAAAUAAGACAGAUCUGCUAAGACGACUGA
lnc-ZNF599-61,-7403.82,211.97,,CAAACAAAAAGACCAUGGAGGCUUUCUCCUGUUUGUUUCCAGCUGCUGCUUCUCCUUCUGCCUCUGGGAUGAUCUAAACUCAUCUCUUUCUGCCUGUUCCCUCAGCUCCCAUACAUCUCUUAAGCAGUGUUUUUGGAAUUCCACAAUGCACACAUUUCCUUCUCUCAAAAAGGGGAAAGUAUAUUUAAAUUUGGAACAGACUGGGU
lnc-ZNF716-231,-7337.32,204.66,,UCCCACCUCCUACUGACAAACAGUGACAUCUACACCAAUUCUCCUACACAACCAAGGUUAAGAUGCCUUCUCCAGUUCAAAGCUAAUCCCUCCACCUGUGCUCAGAUUGCUGUCCUCCCACCUCCAUUGAGACCUUGAUUCACCAAACCACACCCCUCUCCUACCUGUGUCUAUGGCUCUUCCUCCAUGGUAAAUAAGCCCACAUA
lnc-ZNF727-176,-7077.99,133.96,,GGAAAUAUUGGUUAUUCUGUCUGAUAUUACAUGAAGGUCAGAUGCCCUCCAUGCAACCAUGAGGUCGGAUGGCAGUUUGAUGCUGAACCAGCAAACAAGCCUACUCAGCAUGAAACUAUGAGUAUAAAAACCUUUAUGAUGACCUACCUCCACUUGGAUCAAUGAAGAGGCUCUAUCUGGAAGGCUUAUCCCUGUUCCAUGUUGCA
novelproteinantisensetoC15orf39,-6873.17,203.49,,GGGACUACAGGCACCCACCACCACGGCUAUUUUUUUUUGUAUUUUUAGUAGAGACAGGGUUUCACCAUAUUGGCCAGGCUGGUCUCGAAUUCCUGACCUUGUGAUCUGCCCGCCUUGGCCUCCCAAAGUGCUGGAAAUACAGGCAUGAACCAUCGCGCCCGGCAUUUAUUAUUUUUGAGAUGGAGUCUUGCCCUGUCGCCCAGGCU
